"scenario","family","baseline_risk","mismatch","precision","delta","truth_class","mean_se_trial","mean_se_emulation","mean_se_delta","direction_agreement","interval_overlap","forced_aligned","forced_wrong","joint_aligned","joint_mismatched","joint_indeterminate","joint_wrong"
1,"logit","lower","aligned","small",0.01,"aligned",0.0325719483948611,0.0106709346612038,0.0342753653340292,0.736773526838529,0.986592302460337,0.229525840714307,0.770474159285693,0,0.0527931898615547,0.947206810138445,0.0527931898615547
1,"logit","lower","aligned","small",0.02,"aligned",0.0325719483948611,0.0106709346612038,0.0342753653340292,0.736773526838529,0.986592302460337,0.440449611028246,0.559550388971754,0,0.0258562875186579,0.974143712481342,0.0258562875186579
1,"logit","lower","aligned","small",0.03,"aligned",0.0325719483948611,0.0106709346612038,0.0342753653340292,0.736773526838529,0.986592302460337,0.618569828067057,0.381430171932943,0,0.0117315434184548,0.988268456581545,0.0117315434184548
1,"logit","lower","aligned","small",0.05,"aligned",0.0325719483948611,0.0106709346612038,0.0342753653340292,0.736773526838529,0.986592302460337,0.855372584354715,0.144627415645285,0,0.001911637460145,0.998088362539855,0.001911637460145
2,"probit","lower","aligned","small",0.01,"aligned",0.0357584830133187,0.0113178966389711,0.0375068512640589,0.828779667394883,0.986107490773991,0.210236670534291,0.789763329465709,0,0.0559439574430566,0.944056042556943,0.0559439574430566
2,"probit","lower","aligned","small",0.02,"aligned",0.0357584830133187,0.0113178966389711,0.0375068512640589,0.828779667394883,0.986107490773991,0.406129714238486,0.593870285761514,0,0.0293993435781011,0.970600656421899,0.0293993435781011
2,"probit","lower","aligned","small",0.03,"aligned",0.0357584830133187,0.0113178966389711,0.0375068512640589,0.828779667394883,0.986107490773991,0.576204530544499,0.423795469455501,0,0.0144969514094093,0.985503048590591,0.0144969514094093
2,"probit","lower","aligned","small",0.05,"aligned",0.0357584830133187,0.0113178966389711,0.0375068512640589,0.828779667394883,0.986107490773991,0.817497656299466,0.182502343700534,0,0.00290189210344893,0.997098107896551,0.00290189210344893
3,"logit","common","aligned","small",0.01,"aligned",0.043004609879383,0.0138185782559613,0.0451702288669656,0.893276752794791,0.986321336446584,0.175207137419523,0.824792862580477,0,0.0620079693305947,0.937992030669405,0.0620079693305947
3,"logit","common","aligned","small",0.02,"aligned",0.043004609879383,0.0138185782559613,0.0451702288669656,0.893276752794791,0.986321336446584,0.342067539173489,0.657932460826511,0,0.0368318097595636,0.963168190240436,0.0368318097595636
3,"logit","common","aligned","small",0.03,"aligned",0.043004609879383,0.0138185782559613,0.0451702288669656,0.893276752794791,0.986321336446584,0.493408416003419,0.506591583996581,0,0.0209431228007005,0.9790568771993,0.0209431228007005
3,"logit","common","aligned","small",0.05,"aligned",0.043004609879383,0.0138185782559613,0.0451702288669656,0.893276752794791,0.986321336446584,0.731673111827943,0.268326888172057,0,0.00592727287963057,0.994072727120369,0.00592727287963057
4,"probit","common","aligned","small",0.01,"aligned",0.0444432330182222,0.0135323149626168,0.0464577712483009,0.986734741588767,0.985549964949988,0.170426998210939,0.829573001789061,0,0.0628709207451954,0.937129079254805,0.0628709207451954
4,"probit","common","aligned","small",0.02,"aligned",0.0444432330182222,0.0135323149626168,0.0464577712483009,0.986734741588767,0.985549964949988,0.333166929308445,0.666833070691555,0,0.0379538787247582,0.962046121275242,0.0379538787247582
4,"probit","common","aligned","small",0.03,"aligned",0.0444432330182222,0.0135323149626168,0.0464577712483009,0.986734741588767,0.985549964949988,0.481557251359012,0.518442748640988,0,0.0219864591974583,0.978013540802542,0.0219864591974583
4,"probit","common","aligned","small",0.05,"aligned",0.0444432330182222,0.0135323149626168,0.0464577712483009,0.986734741588767,0.985549964949988,0.718182839610205,0.281817160389795,0,0.00650650351775672,0.993493496482243,0.00650650351775672
5,"logit","lower","observed_z_shift","small",0.01,"mismatched",0.0311729053669201,0.0111682623475213,0.0331131410904798,0.748647226619891,0.972868491441416,0.203405304565671,0.203405304565671,0,0.0893862052799228,0.910613794720077,0
5,"logit","lower","observed_z_shift","small",0.02,"aligned",0.0311729053669201,0.0111682623475213,0.0331131410904798,0.748647226619891,0.972868491441416,0.394531594780576,0.605468405219424,0,0.0484701998812603,0.95152980011874,0.0484701998812603
5,"logit","lower","observed_z_shift","small",0.03,"aligned",0.0311729053669201,0.0111682623475213,0.0331131410904798,0.748647226619891,0.972868491441416,0.563020760343712,0.436979239656288,0,0.0243936427023447,0.975606357297655,0.0243936427023447
5,"logit","lower","observed_z_shift","small",0.05,"aligned",0.0311729053669201,0.0111682623475213,0.0331131410904798,0.748647226619891,0.972868491441416,0.808865299285165,0.191134700714835,0,0.00488818075371333,0.995111819246287,0.00488818075371333
6,"probit","lower","observed_z_shift","small",0.01,"mismatched",0.0335048649916907,0.0120455970780537,0.035604387188635,0.877218273521134,0.948531318417613,0.152567162258708,0.152567162258708,0,0.148859668905911,0.851140331094089,0
6,"probit","lower","observed_z_shift","small",0.02,"mismatched",0.0335048649916907,0.0120455970780537,0.035604387188635,0.877218273521134,0.948531318417613,0.30205123308625,0.30205123308625,0,0.0922498222327713,0.907750177767229,0
6,"probit","lower","observed_z_shift","small",0.03,"mismatched",0.0335048649916907,0.0120455970780537,0.035604387188635,0.877218273521134,0.948531318417613,0.444670527524231,0.444670527524231,0,0.05363302779269,0.94636697220731,0
6,"probit","lower","observed_z_shift","small",0.05,"aligned",0.0335048649916907,0.0120455970780537,0.035604387188635,0.877218273521134,0.948531318417613,0.690933564386769,0.309066435613231,0,0.0148249224428072,0.985175077557193,0.0148249224428072
7,"logit","common","observed_z_shift","small",0.01,"mismatched",0.0421716056691876,0.0141290867069206,0.0444755597591434,0.949771368331577,0.951512005028652,0.128179741713586,0.128179741713586,0,0.149743178583944,0.850256821416056,0
7,"logit","common","observed_z_shift","small",0.02,"mismatched",0.0421716056691876,0.0141290867069206,0.0444755597591434,0.949771368331577,0.951512005028652,0.254151445882268,0.254151445882268,0,0.10242223160411,0.89757776839589,0
7,"logit","common","observed_z_shift","small",0.03,"mismatched",0.0421716056691876,0.0141290867069206,0.0444755597591434,0.949771368331577,0.951512005028652,0.375568793280007,0.375568793280007,0,0.0672938842032855,0.932706115796714,0
7,"logit","common","observed_z_shift","small",0.05,"aligned",0.0421716056691876,0.0141290867069206,0.0444755597591434,0.949771368331577,0.951512005028652,0.594696909359391,0.405303090640609,0,0.0256047674901458,0.974395232509854,0.0256047674901458
8,"probit","common","observed_z_shift","small",0.01,"mismatched",0.0439998227692932,0.01366877172297,0.046074067805479,0.998261036377196,0.87522586076411,0.0746592657705887,0.0746592657705887,0,0.288323091763204,0.711676908236796,0
8,"probit","common","observed_z_shift","small",0.02,"mismatched",0.0439998227692932,0.01366877172297,0.046074067805479,0.998261036377196,0.87522586076411,0.15157184906367,0.15157184906367,0,0.218758915976422,0.781241084023578,0
8,"probit","common","observed_z_shift","small",0.03,"mismatched",0.0439998227692932,0.01366877172297,0.046074067805479,0.998261036377196,0.87522586076411,0.232340981685855,0.232340981685855,0,0.160111392532227,0.839888607467773,0
8,"probit","common","observed_z_shift","small",0.05,"mismatched",0.0439998227692932,0.01366877172297,0.046074067805479,0.998261036377196,0.87522586076411,0.405947037768661,0.405947037768661,0,0.0765665658153899,0.92343343418461,0
9,"logit","lower","hidden_u_shift","small",0.01,"mismatched",0.0317621011001694,0.0109022244794884,0.0335810893941596,0.760445019914868,0.979190722667342,0.215387936563934,0.215387936563934,0,0.0724607211925078,0.927539278807492,0
9,"logit","lower","hidden_u_shift","small",0.02,"aligned",0.0317621011001694,0.0109022244794884,0.0335810893941596,0.760445019914868,0.979190722667342,0.415593678574822,0.584406321425178,0,0.0379056993252685,0.962094300674731,0.0379056993252685
9,"logit","lower","hidden_u_shift","small",0.03,"aligned",0.0317621011001694,0.0109022244794884,0.0335810893941596,0.760445019914868,0.979190722667342,0.588494642241931,0.411505357758069,0,0.0184270991616118,0.981572900838388,0.0184270991616118
9,"logit","lower","hidden_u_shift","small",0.05,"aligned",0.0317621011001694,0.0109022244794884,0.0335810893941596,0.760445019914868,0.979190722667342,0.830171677915871,0.169828322084129,0,0.00346628079044076,0.996533719209559,0.00346628079044076
10,"probit","lower","hidden_u_shift","small",0.01,"mismatched",0.0344313658390594,0.0116208228636653,0.0363395442675309,0.885986049939653,0.9661319698753,0.176990281857518,0.176990281857518,0,0.106350334201176,0.893649665798824,0
10,"probit","lower","hidden_u_shift","small",0.02,"mismatched",0.0344313658390594,0.0116208228636653,0.0363395442675309,0.885986049939653,0.9661319698753,0.34627527127214,0.34627527127214,0,0.0628292255041819,0.937170774495818,0
10,"probit","lower","hidden_u_shift","small",0.03,"aligned",0.0344313658390594,0.0116208228636653,0.0363395442675309,0.885986049939653,0.9661319698753,0.500861932111967,0.499138067888033,0,0.03490832048544,0.96509167951456,0.03490832048544
10,"probit","lower","hidden_u_shift","small",0.05,"aligned",0.0344313658390594,0.0116208228636653,0.0363395442675309,0.885986049939653,0.9661319698753,0.745870285035414,0.254129714964586,0,0.00888588710459437,0.991114112895406,0.00888588710459437
11,"logit","common","hidden_u_shift","small",0.01,"mismatched",0.0425225195560011,0.0139433835983304,0.0447502247543036,0.938084600522281,0.97121756748422,0.151968565320615,0.151968565320615,0,0.102232409338246,0.897767590661754,0
11,"logit","common","hidden_u_shift","small",0.02,"mismatched",0.0425225195560011,0.0139433835983304,0.0447502247543036,0.938084600522281,0.97121756748422,0.298773532359675,0.298773532359675,0,0.0662402000960098,0.93375979990399,0
11,"logit","common","hidden_u_shift","small",0.03,"aligned",0.0425225195560011,0.0139433835983304,0.0447502247543036,0.938084600522281,0.97121756748422,0.435710135596614,0.564289864403386,0,0.0412366004322466,0.958763399567753,0.0412366004322466
11,"logit","common","hidden_u_shift","small",0.05,"aligned",0.0425225195560011,0.0139433835983304,0.0447502247543036,0.938084600522281,0.97121756748422,0.665809823772025,0.334190176227975,0,0.0141068974336502,0.98589310256635,0.0141068974336502
12,"probit","common","hidden_u_shift","small",0.01,"mismatched",0.0442324382419978,0.0135592276832479,0.046264038390507,0.996085565940516,0.947411771056591,0.122601653800051,0.122601653800051,0,0.153285622954976,0.846714377045024,0
12,"probit","common","hidden_u_shift","small",0.02,"mismatched",0.0442324382419978,0.0135592276832479,0.046264038390507,0.996085565940516,0.947411771056591,0.243313050990771,0.243313050990771,0,0.106769062621804,0.893230937378196,0
12,"probit","common","hidden_u_shift","small",0.03,"mismatched",0.0442324382419978,0.0135592276832479,0.046264038390507,0.996085565940516,0.947411771056591,0.360116167123434,0.360116167123434,0,0.0716636939236257,0.928336306076374,0
12,"probit","common","hidden_u_shift","small",0.05,"aligned",0.0442324382419978,0.0135592276832479,0.046264038390507,0.996085565940516,0.947411771056591,0.573209305635121,0.426790694364879,0,0.0287437359715667,0.971256264028433,0.0287437359715667
13,"logit","lower","measurement_mismatch","small",0.01,"aligned",0.0325729763115476,0.0105283586440379,0.0342322234383064,0.725587721122304,0.985859061281261,0.228515816620307,0.771484183379693,0,0.0541219393654613,0.945878060634539,0.0541219393654613
13,"logit","lower","measurement_mismatch","small",0.02,"aligned",0.0325729763115476,0.0105283586440379,0.0342322234383064,0.725587721122304,0.985859061281261,0.438671788771297,0.561328211228703,0,0.0266686040739642,0.973331395926036,0.0266686040739642
13,"logit","lower","measurement_mismatch","small",0.03,"aligned",0.0325729763115476,0.0105283586440379,0.0342322234383064,0.725587721122304,0.985859061281261,0.616414447678626,0.383585552321374,0,0.0121822168779768,0.987817783122023,0.0121822168779768
13,"logit","lower","measurement_mismatch","small",0.05,"aligned",0.0325729763115476,0.0105283586440379,0.0342322234383064,0.725587721122304,0.985859061281261,0.853554917189107,0.146445082810893,0,0.00201618638706558,0.997983813612934,0.00201618638706558
14,"probit","lower","measurement_mismatch","small",0.01,"aligned",0.0357692855017611,0.0111755713370228,0.0374744603699024,0.825811054856294,0.984767117672307,0.207974501658798,0.792025498341202,0,0.0588482485710934,0.941151751428907,0.0588482485710934
14,"probit","lower","measurement_mismatch","small",0.02,"aligned",0.0357692855017611,0.0111755713370228,0.0374744603699024,0.825811054856294,0.984767117672307,0.402061885039194,0.597938114960806,0,0.0313064645961316,0.968693535403868,0.0313064645961316
14,"probit","lower","measurement_mismatch","small",0.03,"aligned",0.0357692855017611,0.0111755713370228,0.0374744603699024,0.825811054856294,0.984767117672307,0.571093991152042,0.428906008847958,0,0.0156479476689152,0.984352052331085,0.0156479476689152
14,"probit","lower","measurement_mismatch","small",0.05,"aligned",0.0357692855017611,0.0111755713370228,0.0374744603699024,0.825811054856294,0.984767117672307,0.812667558005234,0.187332441994766,0,0.00323062783193095,0.996769372168069,0.00323062783193095
15,"logit","common","measurement_mismatch","small",0.01,"aligned",0.0430084988769891,0.0135574863478459,0.0450947492699982,0.892884542634031,0.984086001423278,0.17201750597774,0.82798249402226,0,0.0672729374250557,0.932727062574944,0.0672729374250557
15,"logit","common","measurement_mismatch","small",0.02,"aligned",0.0430084988769891,0.0135574863478459,0.0450947492699982,0.892884542634031,0.984086001423278,0.336138738289261,0.66386126171074,0,0.0406129901505362,0.959387009849464,0.0406129901505362
15,"logit","common","measurement_mismatch","small",0.03,"aligned",0.0430084988769891,0.0135574863478459,0.0450947492699982,0.892884542634031,0.984086001423278,0.485537015667005,0.514462984332996,0,0.0235038709741022,0.976496129025898,0.0235038709741022
15,"logit","common","measurement_mismatch","small",0.05,"aligned",0.0430084988769891,0.0135574863478459,0.0450947492699982,0.892884542634031,0.984086001423278,0.722795817797518,0.277204182202482,0,0.00691846305523891,0.993081536944761,0.00691846305523891
16,"probit","common","measurement_mismatch","small",0.01,"mismatched",0.0444466547701418,0.0137782703158818,0.0465332768366217,0.986728921461129,0.979333823773268,0.159626158888327,0.159626158888327,0,0.0800742379953058,0.919925762004694,0
16,"probit","common","measurement_mismatch","small",0.02,"aligned",0.0444466547701418,0.0137782703158818,0.0465332768366217,0.986728921461129,0.979333823773268,0.312981941751143,0.687018058248857,0,0.0506703322226298,0.94932966777737,0.0506703322226298
16,"probit","common","measurement_mismatch","small",0.03,"aligned",0.0444466547701418,0.0137782703158818,0.0465332768366217,0.986728921461129,0.979333823773268,0.45451635750541,0.54548364249459,0,0.0308701018596339,0.969129898140366,0.0308701018596339
16,"probit","common","measurement_mismatch","small",0.05,"aligned",0.0444466547701418,0.0137782703158818,0.0465332768366217,0.986728921461129,0.979333823773268,0.686795748517371,0.313204251482629,0,0.0101945078784316,0.989805492121568,0.0101945078784316
1,"logit","lower","aligned","medium",0.01,"aligned",0.0145950864468454,0.00477421188767457,0.0153560948010653,0.931308042817211,0.98657104922602,0.485087277889142,0.514912722110858,0,0.0216723805070216,0.978327619492978,0.0216723805070216
1,"logit","lower","aligned","medium",0.02,"aligned",0.0145950864468454,0.00477421188767457,0.0153560948010653,0.931308042817211,0.98657104922602,0.80722525971223,0.19277474028777,0,0.00320594736165247,0.996794052638348,0.00320594736165247
1,"logit","lower","aligned","medium",0.03,"aligned",0.0145950864468454,0.00477421188767457,0.0153560948010653,0.931308042817211,0.98657104922602,0.949254027369269,0.0507459726307309,0.24250175747442,0.000320087753936438,0.757178154771643,0.000320087753936438
1,"logit","lower","aligned","medium",0.05,"aligned",0.0145950864468454,0.00477421188767457,0.0153560948010653,0.931308042817211,0.98657104922602,0.998870206394183,0.00112979360581722,0.892859975728221,9.54033862909931e-07,0.107139070237916,9.54033862909931e-07
2,"probit","lower","aligned","medium",0.01,"aligned",0.0160125446036133,0.00506435738582874,0.0167943234580647,0.983315981952427,0.986096921776165,0.44845012961848,0.55154987038152,0,0.0250718887213903,0.97492811127861,0.0250718887213903
2,"probit","lower","aligned","medium",0.02,"aligned",0.0160125446036133,0.00506435738582874,0.0167943234580647,0.983315981952427,0.986096921776165,0.76629874373673,0.23370125626327,0,0.0045720711997822,0.995427928800218,0.0045720711997822
2,"probit","lower","aligned","medium",0.03,"aligned",0.0160125446036133,0.00506435738582874,0.0167943234580647,0.983315981952427,0.986096921776165,0.925952193852133,0.0740478061478673,0.112496494406003,0.000600979718742845,0.886902525875254,0.000600979718742845
2,"probit","lower","aligned","medium",0.05,"aligned",0.0160125446036133,0.00506435738582874,0.0167943234580647,0.983315981952427,0.986096921776165,0.997091024422016,0.00290897557798409,0.817252312586324,3.79965593877429e-06,0.182743887757738,3.79965593877429e-06
3,"logit","common","aligned","medium",0.01,"aligned",0.0192493907415859,0.00618307768443769,0.0202180487083705,0.997282285799463,0.986316126607794,0.379122844425217,0.620877155574783,0,0.0323983048663021,0.967601695133698,0.0323983048663021
3,"logit","common","aligned","medium",0.02,"aligned",0.0192493907415859,0.00618307768443769,0.0202180487083705,0.997282285799463,0.986316126607794,0.677442110333991,0.322557889666009,0,0.00843683045779808,0.991563169542202,0.00843683045779808
3,"logit","common","aligned","medium",0.03,"aligned",0.0192493907415859,0.00618307768443769,0.0202180487083705,0.997282285799463,0.986316126607794,0.862144041668087,0.137855958331913,0,0.0017559538493569,0.998244046150643,0.0017559538493569
3,"logit","common","aligned","medium",0.05,"aligned",0.0192493907415859,0.00618307768443769,0.0202180487083705,0.997282285799463,0.986316126607794,0.986603005207031,0.0133969947929693,0.592433619579361,3.82354020520559e-05,0.407528145018587,3.82354020520559e-05
4,"probit","common","aligned","medium",0.01,"aligned",0.0198920946470869,0.0060546331711232,0.0207931241588543,0.999999640736236,0.985544628093774,0.369432478173208,0.630567521826792,0,0.0335213979027996,0.9664786020972,0.0335213979027996
4,"probit","common","aligned","medium",0.02,"aligned",0.0198920946470869,0.0060546331711232,0.0207931241588543,0.999999640736236,0.985544628093774,0.663878268517666,0.336121731482334,0,0.00914166354411339,0.990858336455887,0.00914166354411339
4,"probit","common","aligned","medium",0.03,"aligned",0.0198920946470869,0.0060546331711232,0.0207931241588543,0.999999640736236,0.985544628093774,0.850918850540599,0.149081149459401,0,0.00201753642932234,0.997982463570678,0.00201753642932234
4,"probit","common","aligned","medium",0.05,"aligned",0.0198920946470869,0.0060546331711232,0.0207931241588543,0.999999640736236,0.985544628093774,0.983811642485754,0.0161883575142463,0.55261811765117,5.13282625197453e-05,0.44733055408631,5.13282625197453e-05
5,"logit","lower","observed_z_shift","medium",0.01,"mismatched",0.0139649432433024,0.00499636178466521,0.0148318330246777,0.980270640169746,0.893597918203156,0.252660099586803,0.252660099586803,0,0.144797777064499,0.855202222935501,0
5,"logit","lower","observed_z_shift","medium",0.02,"aligned",0.0139649432433024,0.00499636178466521,0.0148318330246777,0.980270640169746,0.893597918203156,0.530957938762272,0.469042061237728,0,0.0414701202712587,0.958529879728741,0.0414701202712587
5,"logit","lower","observed_z_shift","medium",0.03,"aligned",0.0139649432433024,0.00499636178466521,0.0148318330246777,0.980270640169746,0.893597918203156,0.776861943962522,0.223138056037478,0.138225480463036,0.00801568326573388,0.85375883627123,0.00801568326573388
5,"logit","lower","observed_z_shift","medium",0.05,"aligned",0.0139649432433024,0.00499636178466521,0.0148318330246777,0.980270640169746,0.893597918203156,0.982647088175113,0.0173529118248869,0.678321530327393,8.60945931056012e-05,0.321592375079502,8.60945931056012e-05
6,"probit","lower","observed_z_shift","medium",0.01,"mismatched",0.0150116812905612,0.00538851288770313,0.0159495030113896,0.999231900412364,0.711394919028988,0.0880199041704202,0.0880199041704202,0,0.373579556738064,0.626420443261936,0
6,"probit","lower","observed_z_shift","medium",0.02,"mismatched",0.0150116812905612,0.00538851288770313,0.0159495030113896,0.999231900412364,0.711394919028988,0.242705771566711,0.242705771566711,0,0.171209632241244,0.828790367758756,0
6,"probit","lower","observed_z_shift","medium",0.03,"mismatched",0.0150116812905612,0.00538851288770313,0.0159495030113896,0.999231900412364,0.711394919028988,0.47263906063238,0.47263906063238,0.0288995815561708,0.057469472401417,0.913630946042412,0.0288995815561708
6,"probit","lower","observed_z_shift","medium",0.05,"aligned",0.0150116812905612,0.00538851288770313,0.0159495030113896,0.999231900412364,0.711394919028988,0.882086107077607,0.117913892922393,0.322691635794254,0.00232496616779976,0.674983398037946,0.00232496616779976
7,"logit","common","observed_z_shift","medium",0.01,"mismatched",0.0188787017476338,0.00632123874232388,0.0199088783941629,0.999926587426409,0.74433162938065,0.0831210006872766,0.0831210006872766,0,0.37335522110876,0.62664477889124,0
7,"logit","common","observed_z_shift","medium",0.02,"mismatched",0.0188787017476338,0.00632123874232388,0.0199088783941629,0.999926587426409,0.74433162938065,0.203915839933394,0.203915839933394,0,0.204586666256593,0.795413333743407,0
7,"logit","common","observed_z_shift","medium",0.03,"mismatched",0.0188787017476338,0.00632123874232388,0.0199088783941629,0.999926587426409,0.74433162938065,0.37511211859401,0.37511211859401,0,0.0921469918250992,0.907853008174901,0
7,"logit","common","observed_z_shift","medium",0.05,"aligned",0.0188787017476338,0.00632123874232388,0.0199088783941629,0.999926587426409,0.74433162938065,0.754069258830375,0.245930741169625,0.165596993745858,0.00984434533823142,0.82455866091591,0.00984434533823142
8,"probit","common","observed_z_shift","medium",0.01,"mismatched",0.0196935376763832,0.00611537512140509,0.0206211842309462,0.999999999966787,0.324731393645746,0.00735846510772846,0.00735846510772846,0,0.781643178210269,0.218356821789731,0
8,"probit","common","observed_z_shift","medium",0.02,"mismatched",0.0196935376763832,0.00611537512140509,0.0206211842309462,0.999999999966787,0.324731393645746,0.0262789826739153,0.0262789826739153,0,0.615168498770061,0.384831501229939,0
8,"probit","common","observed_z_shift","medium",0.03,"mismatched",0.0196935376763832,0.00611537512140509,0.0206211842309462,0.999999999966787,0.324731393645746,0.0731427272398138,0.0731427272398138,0,0.423823121103369,0.576176878896631,0
8,"probit","common","observed_z_shift","medium",0.05,"mismatched",0.0196935376763832,0.00611537512140509,0.0206211842309462,0.999999999966787,0.324731393645746,0.314599269716226,0.314599269716226,0.0165673196198677,0.122617952439532,0.8608147279406,0.0165673196198677
9,"logit","lower","hidden_u_shift","medium",0.01,"mismatched",0.0142204144264023,0.00487846385833755,0.0150339481200294,0.976794934009713,0.94074232117367,0.341274879467094,0.341274879467094,0,0.0838088814655169,0.916191118534483,0
9,"logit","lower","hidden_u_shift","medium",0.02,"aligned",0.0142204144264023,0.00487846385833755,0.0150339481200294,0.976794934009713,0.94074232117367,0.644929223865404,0.355070776134596,0,0.0202786540123204,0.97972134598768,0.0202786540123204
9,"logit","lower","hidden_u_shift","medium",0.03,"aligned",0.0142204144264023,0.00487846385833755,0.0150339481200294,0.976794934009713,0.94074232117367,0.855794571797105,0.144205428202895,0.181626252923538,0.00332462243608467,0.815049124640378,0.00332462243608467
9,"logit","lower","hidden_u_shift","medium",0.05,"aligned",0.0142204144264023,0.00487846385833755,0.0150339481200294,0.976794934009713,0.94074232117367,0.991783682178159,0.00821631782184062,0.770244358237374,2.6220586677228e-05,0.229729421175949,2.6220586677228e-05
10,"probit","lower","hidden_u_shift","medium",0.01,"mismatched",0.0154286186165227,0.00519979687059606,0.016281282501989,0.998492970111778,0.851492615651377,0.184426484458823,0.184426484458823,0,0.206551789283737,0.793448210716263,0
10,"probit","lower","hidden_u_shift","medium",0.02,"mismatched",0.0154286186165227,0.00519979687059606,0.016281282501989,0.998492970111778,0.851492615651377,0.412312354190424,0.412312354190424,0,0.0759333406232744,0.924066659376726,0
10,"probit","lower","hidden_u_shift","medium",0.03,"aligned",0.0154286186165227,0.00519979687059606,0.016281282501989,0.998492970111778,0.851492615651377,0.655781584977892,0.344218415022108,0.0563173460405754,0.0203182916312287,0.923364362328196,0.0203182916312287
10,"probit","lower","hidden_u_shift","medium",0.05,"aligned",0.0154286186165227,0.00519979687059606,0.016281282501989,0.998492970111778,0.851492615651377,0.948528188927335,0.0514718110726645,0.492308752305404,0.000527129599693144,0.507164118094903,0.000527129599693144
11,"logit","common","hidden_u_shift","medium",0.01,"mismatched",0.019036898793065,0.00623805226110069,0.0200328932426053,0.999733318862845,0.891106732819799,0.188432081136938,0.188432081136938,0,0.183305995386583,0.816694004613417,0
11,"logit","common","hidden_u_shift","medium",0.02,"mismatched",0.019036898793065,0.00623805226110069,0.0200328932426053,0.999733318862845,0.891106732819799,0.391983887744073,0.391983887744073,0,0.0803057301464467,0.919694269853553,0
11,"logit","common","hidden_u_shift","medium",0.03,"aligned",0.019036898793065,0.00623805226110069,0.0200328932426053,0.999733318862845,0.891106732819799,0.598580067178834,0.401419932821166,0,0.0285559708085974,0.971444029191403,0.0285559708085974
11,"logit","common","hidden_u_shift","medium",0.05,"aligned",0.019036898793065,0.00623805226110069,0.0200328932426053,0.999733318862845,0.891106732819799,0.895356971920518,0.104643028079482,0.330440494006858,0.00186049360535545,0.667699012387786,0.00186049360535545
12,"probit","common","hidden_u_shift","medium",0.01,"mismatched",0.0197988693655245,0.00606639675159481,0.0207073995880908,0.999999998585743,0.728822924343126,0.0774347352746688,0.0774347352746688,0,0.386365705389032,0.613634294610968,0
12,"probit","common","hidden_u_shift","medium",0.02,"mismatched",0.0197988693655245,0.00606639675159481,0.0207073995880908,0.999999998585743,0.728822924343126,0.188803748757603,0.188803748757603,0,0.22011531195472,0.77988468804528,0
12,"probit","common","hidden_u_shift","medium",0.03,"mismatched",0.0197988693655245,0.00606639675159481,0.0207073995880908,0.999999998585743,0.728822924343126,0.347720036015452,0.347720036015452,0,0.104787437434819,0.895212562565181,0
12,"probit","common","hidden_u_shift","medium",0.05,"aligned",0.0197988693655245,0.00606639675159481,0.0207073995880908,0.999999998585743,0.728822924343126,0.71758786768094,0.28241213231906,0.137959596355468,0.0131898539589868,0.848850549685545,0.0131898539589868
13,"logit","lower","measurement_mismatch","medium",0.01,"aligned",0.0145966572748699,0.00471119754253075,0.0153381154606672,0.931231732247826,0.983634354976227,0.473583510277572,0.526416489722428,0,0.0254550283621243,0.974544971637876,0.0254550283621243
13,"logit","lower","measurement_mismatch","medium",0.02,"aligned",0.0145966572748699,0.00471119754253075,0.0153381154606672,0.931231732247826,0.983634354976227,0.794987164524443,0.205012835475557,0,0.00409321239596527,0.995906787604035,0.00409321239596527
13,"logit","lower","measurement_mismatch","medium",0.03,"aligned",0.0145966572748699,0.00471119754253075,0.0153381154606672,0.931231732247826,0.983634354976227,0.942843860367604,0.057156139632396,0.237509312652383,0.000450331044808294,0.762040356302808,0.000450331044808294
13,"logit","lower","measurement_mismatch","medium",0.05,"aligned",0.0145966572748699,0.00471119754253075,0.0153381154606672,0.931231732247826,0.983634354976227,0.998501694011428,0.00149830598857159,0.883609045154353,1.68144158452233e-06,0.116389273404062,1.68144158452233e-06
14,"probit","lower","measurement_mismatch","medium",0.01,"aligned",0.0160135402985803,0.00500222367416821,0.0167766419339707,0.983310484942253,0.980018441748637,0.425754408160368,0.574245591839632,0,0.0338528251100236,0.966147174889976,0.0338528251100236
14,"probit","lower","measurement_mismatch","medium",0.02,"aligned",0.0160135402985803,0.00500222367416821,0.0167766419339707,0.983310484942253,0.980018441748637,0.739374557107847,0.260625442892153,0,0.00708628789635979,0.99291371210364,0.00708628789635979
14,"probit","lower","measurement_mismatch","medium",0.03,"aligned",0.0160135402985803,0.00500222367416821,0.0167766419339707,0.983310484942253,0.980018441748637,0.909041602266659,0.090958397733341,0.107433404989965,0.00108707203627456,0.891479522973761,0.00108707203627456
14,"probit","lower","measurement_mismatch","medium",0.05,"aligned",0.0160135402985803,0.00500222367416821,0.0167766419339707,0.983310484942253,0.980018441748637,0.995353304340711,0.00464669565928855,0.792565509118244,9.68018065228282e-06,0.207424810701104,9.68018065228282e-06
15,"logit","common","measurement_mismatch","medium",0.01,"aligned",0.0192493967713287,0.00606621073261999,0.0201826209574623,0.997282278511359,0.975849717600543,0.345820086977169,0.654179913022831,0,0.0503380986342092,0.949661901365791,0.0503380986342092
15,"logit","common","measurement_mismatch","medium",0.02,"aligned",0.0192493967713287,0.00606621073261999,0.0201826209574623,0.997282278511359,0.975849717600543,0.630777334444617,0.369222665555383,0,0.0154548956185067,0.984545104381493,0.0154548956185067
15,"logit","common","measurement_mismatch","medium",0.03,"aligned",0.0192493967713287,0.00606621073261999,0.0201826209574623,0.997282278511359,0.975849717600543,0.823461516624391,0.176538483375609,0,0.00384575361735884,0.996154246382641,0.00384575361735884
15,"logit","common","measurement_mismatch","medium",0.05,"aligned",0.0192493967713287,0.00606621073261999,0.0201826209574623,0.997282278511359,0.975849717600543,0.976944688174511,0.0230553118254894,0.548987610121563,0.000122978556461595,0.450889411321976,0.000122978556461595
16,"probit","common","measurement_mismatch","medium",0.01,"mismatched",0.0198919793370231,0.00616444736221576,0.0208252551779344,0.99999964078933,0.949707551030389,0.273335242312243,0.273335242312243,0,0.0950753909233952,0.904924609076605,0
16,"probit","common","measurement_mismatch","medium",0.02,"aligned",0.0198919793370231,0.00616444736221576,0.0208252551779344,0.99999964078933,0.949707551030389,0.523043153381056,0.476956846618944,0,0.0362225544132865,0.963777445586714,0.0362225544132865
16,"probit","common","measurement_mismatch","medium",0.03,"aligned",0.0198919793370231,0.00616444736221576,0.0208252551779344,0.99999964078933,0.949707551030389,0.725156373985689,0.274843626014311,0,0.0113361866934225,0.988663813306577,0.0113361866934225
16,"probit","common","measurement_mismatch","medium",0.05,"aligned",0.0198919793370231,0.00616444736221576,0.0208252551779344,0.99999964078933,0.949707551030389,0.944095071594948,0.0559049284050518,0.421289637080754,0.000596232427476528,0.578114130491769,0.000596232427476528
1,"logit","lower","aligned","large",0.01,"aligned",0.00461791252150095,0.00150984333504652,0.00485847125674524,0.999998669342485,0.986564357274221,0.960434876545657,0.039565123454343,0.320691265537006,0.000212968611827957,0.679095765851166,0.000212968611827957
1,"logit","lower","aligned","large",0.02,"aligned",0.00461791252150095,0.00150984333504652,0.00485847125674524,0.999998669342485,0.986564357274221,0.999961536605985,3.84633940149204e-05,0.986551535904908,8.34313340636328e-09,0.0134484557519582,8.34313340636328e-09
1,"logit","lower","aligned","large",0.03,"aligned",0.00461791252150095,0.00150984333504652,0.00485847125674524,0.999998669342485,0.986564357274221,0.999999999337451,6.62548904628579e-10,0.999994099615971,5.32907051820075e-15,5.90038402381587e-06,5.32907051820075e-15
1,"logit","lower","aligned","large",0.05,"aligned",0.00461791252150095,0.00150984333504652,0.00485847125674524,0.999998669342485,0.986564357274221,1,0,1,0,0,0
2,"probit","lower","aligned","large",0.01,"aligned",0.00506488371302502,0.00160154247470158,0.00531206036531395,0.999999999991308,0.986093808505904,0.94023302400865,0.0597669759913502,0.187851100297187,0.000419721336429535,0.811729178366383,0.000419721336429535
2,"probit","lower","aligned","large",0.02,"aligned",0.00506488371302502,0.00160154247470158,0.00531206036531395,0.999999999991308,0.986093808505904,0.999833462552247,0.000166537447752857,0.966007736879572,6.30700029979891e-08,0.0339922000504254,6.30700029979891e-08
2,"probit","lower","aligned","large",0.03,"aligned",0.00506488371302502,0.00160154247470158,0.00531206036531395,0.999999999991308,0.986093808505904,0.999999983722695,1.62773050593756e-08,0.999937368944349,3.0453417565468e-13,6.26310553465403e-05,3.0453417565468e-13
2,"probit","lower","aligned","large",0.05,"aligned",0.00506488371302502,0.00160154247470158,0.00531206036531395,0.999999999991308,0.986093808505904,1,0,0.999999999999992,0,7.99360577730113e-15,0
3,"logit","common","aligned","large",0.01,"aligned",0.00608836316710088,0.00195552430916511,0.00639470416659335,1,0.98631531419551,0.882134045915548,0.117865954084452,0,0.00133360653126458,0.998666393468735,0.00133360653126458
3,"logit","common","aligned","large",0.02,"aligned",0.00608836316710088,0.00195552430916511,0.00639470416659335,1,0.98631531419551,0.99823752949093,0.00176247050906997,0.861854901888588,1.82005533300167e-06,0.138143278056079,1.82005533300167e-06
3,"logit","common","aligned","large",0.03,"aligned",0.00608836316710088,0.00195552430916511,0.00639470416659335,1,0.98631531419551,0.999997286342306,2.71365769366483e-06,0.997684990806823,2.35445996032979e-10,0.00231500895773051,2.35445996032979e-10
3,"logit","common","aligned","large",0.05,"aligned",0.00608836316710088,0.00195552430916511,0.00639470416659335,1,0.98631531419551,0.999999999999995,5.32907051820075e-15,0.999999999334653,0,6.6534688869524e-10,0
4,"probit","common","aligned","large",0.01,"aligned",0.00629172199185011,0.00191463901762824,0.00657659548631013,1,0.985541611342182,0.871625583780937,0.128374416219063,0,0.00154871177856608,0.998451288221434,0.00154871177856608
4,"probit","common","aligned","large",0.02,"aligned",0.00629172199185011,0.00191463901762824,0.00657659548631013,1,0.985541611342182,0.997642744067186,0.00235725593281444,0.837355701751715,2.78676342369e-06,0.162641511484861,2.78676342369e-06
4,"probit","common","aligned","large",0.03,"aligned",0.00629172199185011,0.00191463901762824,0.00657659548631013,1,0.985541611342182,0.999994924213979,5.07578602060299e-06,0.996463311514428,5.41828804045963e-10,0.00353668794374351,5.41828804045963e-10
4,"probit","common","aligned","large",0.05,"aligned",0.00629172199185011,0.00191463901762824,0.00657659548631013,1,0.985541611342182,0.999999999999971,2.90878432451791e-14,0.999999997444437,0,2.55556265038592e-09,0
5,"logit","lower","observed_z_shift","large",0.01,"mismatched",0.00441842370026821,0.00158003896070193,0.00469243978250418,0.999999999998896,0.0701129225067999,0.0322048150588373,0.0322048150588373,0.000233780610864449,0.581010703752189,0.418755515636947,0.000233780610864449
5,"logit","lower","observed_z_shift","large",0.02,"aligned",0.00441842370026821,0.00158003896070193,0.00469243978250418,0.999999999998896,0.0701129225067999,0.610933839829752,0.389066160170248,0.0864254623688853,0.0270142647062089,0.886560272924906,0.0270142647062089
5,"logit","lower","observed_z_shift","large",0.03,"aligned",0.00441842370026821,0.00158003896070193,0.00469243978250418,0.999999999998896,0.0701129225067999,0.992085645475463,0.00791435452453726,0.77875264138641,2.47796821020163e-05,0.221222578931488,2.47796821020163e-05
5,"logit","lower","observed_z_shift","large",0.05,"aligned",0.00441842370026821,0.00158003896070193,0.00469243978250418,0.999999999998896,0.0701129225067999,0.99999999998764,1.23602239554543e-11,0.999999754967744,0,2.45032256485089e-07,0
6,"probit","lower","observed_z_shift","large",0.01,"mismatched",0.00474883574251287,0.00170428340064156,0.00504539620040588,1,0.000128256936115702,1.45448070870279e-05,1.45448070870279e-05,2.80969006418752e-09,0.994387651131789,0.00561234605852123,2.80969006418752e-09
6,"probit","lower","observed_z_shift","large",0.02,"mismatched",0.00474883574251287,0.00170428340064156,0.00504539620040588,1,0.000128256936115702,0.0139576821343294,0.0139576821343294,6.06886032225124e-05,0.710080441420394,0.289858869976384,6.06886032225124e-05
6,"probit","lower","observed_z_shift","large",0.03,"mismatched",0.00474883574251287,0.00170428340064156,0.00504539620040588,1,0.000128256936115702,0.414311158410236,0.414311158410236,0.0313493003035443,0.0765905131010668,0.892060186595389,0.0313493003035443
6,"probit","lower","observed_z_shift","large",0.05,"aligned",0.00474883574251287,0.00170428340064156,0.00504539620040588,1,0.000128256936115702,0.999910711662423,8.92883375768205e-05,0.982253429104021,3.47623690943877e-08,0.0177465361336095,3.47623690943877e-08
7,"logit","common","observed_z_shift","large",0.01,"mismatched",0.00597102562262149,0.00199916551092839,0.00629680948783492,1,0.000507376009563356,1.46316783201563e-05,1.46316783201563e-05,0,0.994365913111074,0.00563408688892575,0
7,"logit","common","observed_z_shift","large",0.02,"mismatched",0.00597102562262149,0.00199916551092839,0.00629680948783492,1,0.000507376009563356,0.00478461646112709,0.00478461646112709,1.13832936117491e-05,0.827967671564161,0.172020945142227,1.13832936117491e-05
7,"logit","common","observed_z_shift","large",0.03,"mismatched",0.00597102562262149,0.00199916551092839,0.00629680948783492,1,0.000507376009563356,0.157951489333176,0.157951489333176,0.00405127086975266,0.260455652450675,0.735493076679572,0.00405127086975266
7,"logit","common","observed_z_shift","large",0.05,"aligned",0.00597102562262149,0.00199916551092839,0.00629680948783492,1,0.000507376009563356,0.985121089384431,0.014878910615569,0.701404741935332,6.72272688928555e-05,0.298528030795775,6.72272688928555e-05
8,"probit","common","observed_z_shift","large",0.01,"mismatched",0.00622902846637079,0.00193408398839017,0.00652238273248396,1,7.94630562520037e-12,9.34570381204429e-15,9.34570381204429e-15,0,0.99999999909762,9.02380059564223e-10,0
8,"probit","common","observed_z_shift","large",0.02,"mismatched",0.00622902846637079,0.00193408398839017,0.00652238273248396,1,7.94630562520037e-12,4.50176938282969e-10,4.50176938282969e-10,3.89356401563488e-15,0.999996290306712,3.70969328411519e-06,3.89356401563488e-15
8,"probit","common","observed_z_shift","large",0.03,"mismatched",0.00622902846637079,0.00193408398839017,0.00652238273248396,1,7.94630562520037e-12,2.18501323799279e-06,2.18501323799279e-06,2.21863765230643e-10,0.998401363434683,0.00159863634345347,2.21863765230643e-10
8,"probit","common","observed_z_shift","large",0.05,"mismatched",0.00622902846637079,0.00193408398839017,0.00652238273248396,1,7.94630562520037e-12,0.0634307466671226,0.0634307466671226,0.000758399790655598,0.452931631756578,0.546309968452766,0.000758399790655598
9,"logit","lower","hidden_u_shift","large",0.01,"mismatched",0.00449888217772234,0.0015430676070196,0.00475615374949769,0.999999999903677,0.330783112802886,0.204674113651792,0.204674113651792,0.00640210113052353,0.206161156890281,0.787436741979196,0.00640210113052353
9,"logit","lower","hidden_u_shift","large",0.02,"aligned",0.00449888217772234,0.0015430676070196,0.00475615374949769,0.999999999903677,0.330783112802886,0.89928692875987,0.10071307124013,0.356677086579316,0.00173698797011534,0.641585925450569,0.00173698797011534
9,"logit","lower","hidden_u_shift","large",0.03,"aligned",0.00449888217772234,0.0015430676070196,0.00475615374949769,0.999999999903677,0.330783112802886,0.999637621269343,0.000362378730657031,0.958645911206697,2.51857650068743e-07,0.041353836935653,2.51857650068743e-07
9,"logit","lower","hidden_u_shift","large",0.05,"aligned",0.00449888217772234,0.0015430676070196,0.00475615374949769,0.999999999903677,0.330783112802886,0.999999999999983,1.66533453693773e-14,0.999999998577172,0,1.42282796655735e-09,0
10,"probit","lower","hidden_u_shift","large",0.01,"mismatched",0.004881705026672,0.00164453067826059,0.00515126441945809,1,0.0192758667974861,0.00451673511923911,0.00451673511923911,9.80056909244632e-06,0.832960610468383,0.167029588962525,9.80056909244632e-06
10,"probit","lower","hidden_u_shift","large",0.02,"mismatched",0.004881705026672,0.00164453067826059,0.00515126441945809,1,0.0192758667974861,0.251583856894737,0.251583856894737,0.0103237749244988,0.164695794003468,0.824980431072034,0.0103237749244988
10,"probit","lower","hidden_u_shift","large",0.03,"aligned",0.004881705026672,0.00164453067826059,0.00515126441945809,1,0.0192758667974861,0.89827027327985,0.10172972672015,0.354538144425949,0.00176928365835305,0.643692571915698,0.00176928365835305
10,"probit","lower","hidden_u_shift","large",0.05,"aligned",0.004881705026672,0.00164453067826059,0.00515126441945809,1,0.0192758667974861,0.999999872709243,1.27290757268028e-07,0.999775478507176,5.26179100290847e-12,0.000224521487561913,5.26179100290847e-12
11,"logit","common","hidden_u_shift","large",0.01,"mismatched",0.00602166631433301,0.00197289329628214,0.00633662158880329,1,0.0739572556395256,0.0096009889631823,0.0096009889631823,0,0.757014645281497,0.242985354718503,0
11,"logit","common","hidden_u_shift","large",0.02,"mismatched",0.00602166631433301,0.00197289329628214,0.00633662158880329,1,0.0739572556395256,0.222595238803988,0.222595238803988,0.00801321757878974,0.189051680896587,0.802935101524623,0.00801321757878974
11,"logit","common","hidden_u_shift","large",0.03,"aligned",0.00602166631433301,0.00197289329628214,0.00633662158880329,1,0.0739572556395256,0.792369471766028,0.207630528233972,0.203217465685323,0.00695606389875281,0.789826470415924,0.00695606389875281
11,"logit","common","hidden_u_shift","large",0.05,"aligned",0.00602166631433301,0.00197289329628214,0.00633662158880329,1,0.0739572556395256,0.999964203139571,3.57968604293157e-05,0.989992653470795,9.78385716887686e-09,0.010007336745348,9.78385716887686e-09
12,"probit","common","hidden_u_shift","large",0.01,"mismatched",0.00626193628521982,0.00191838000338176,0.00654920055255049,1,0.000381214617593054,9.04345472067951e-06,9.04345472067951e-06,0,0.995884354354965,0.00411564564503475,0
12,"probit","common","hidden_u_shift","large",0.02,"mismatched",0.00626193628521982,0.00191838000338176,0.00654920055255049,1,0.000381214617593054,0.00288668692662617,0.00288668692662617,5.28342847956461e-06,0.867687973570794,0.132306743000726,5.28342847956461e-06
12,"probit","common","hidden_u_shift","large",0.03,"mismatched",0.00626193628521982,0.00191838000338176,0.00654920055255049,1,0.000381214617593054,0.108698649426049,0.108698649426049,0.00199891770304132,0.340398602541016,0.657602479755942,0.00199891770304132
12,"probit","common","hidden_u_shift","large",0.05,"aligned",0.00626193628521982,0.00191838000338176,0.00654920055255049,1,0.000381214617593054,0.965645568276114,0.0343544317238862,0.5696469332676,0.000264935043735259,0.430088131688664,0.000264935043735259
13,"logit","lower","measurement_mismatch","large",0.01,"aligned",0.00461804208770865,0.00148993198554008,0.00485244371893007,0.999998668484614,0.955505286071929,0.901004605626105,0.0989953943738955,0.245669353877384,0.00161335699284648,0.75271728912977,0.00161335699284648
13,"logit","lower","measurement_mismatch","large",0.02,"aligned",0.00461804208770865,0.00148993198554008,0.00485244371893007,0.999998668484614,0.955505286071929,0.999612575540317,0.000387424459683428,0.956418747707186,2.76664777976166e-07,0.0435809756280363,2.76664777976166e-07
13,"logit","lower","measurement_mismatch","large",0.03,"aligned",0.00461804208770865,0.00148993198554008,0.00485244371893007,0.999998668484614,0.955505286071929,0.99999997066497,2.93350305158313e-08,0.999920883852675,7.87814258274011e-13,7.91161465368839e-05,7.87814258274011e-13
13,"logit","lower","measurement_mismatch","large",0.05,"aligned",0.00461804208770865,0.00148993198554008,0.00485244371893007,0.999998668484614,0.955505286071929,1,0,0.999999999999999,0,1.4432899320127e-15,0
14,"probit","lower","measurement_mismatch","large",0.01,"aligned",0.00506473840392528,0.00158192495369311,0.00530604011097848,0.999999999991319,0.913464801748979,0.784686198088718,0.215313801911282,0.10563803440041,0.00738686143885448,0.886975104160735,0.00738686143885448
14,"probit","lower","measurement_mismatch","large",0.02,"aligned",0.00506473840392528,0.00158192495369311,0.00530604011097848,0.999999999991319,0.913464801748979,0.996293633048749,0.00370636695125137,0.848526706776875,7.70950336592691e-06,0.151465583719759,7.70950336592691e-06
14,"probit","lower","measurement_mismatch","large",0.03,"aligned",0.00506473840392528,0.00158192495369311,0.00530604011097848,0.999999999991319,0.913464801748979,0.999997471474721,2.52852527937719e-06,0.998235885627687,2.69579025768962e-10,0.0017641141027338,2.69579025768962e-10
14,"probit","lower","measurement_mismatch","large",0.05,"aligned",0.00506473840392528,0.00158192495369311,0.00530604011097848,0.999999999991319,0.913464801748979,1,0,0.999999999988598,0,1.14018794405979e-11,0
15,"logit","common","measurement_mismatch","large",0.01,"aligned",0.00608834450185292,0.00191841053886441,0.00638343463731467,1,0.849201970476842,0.554837761443665,0.445162238556335,0,0.0370304607928644,0.962969539207136,0.0370304607928644
15,"logit","common","measurement_mismatch","large",0.02,"aligned",0.00608834450185292,0.00191841053886441,0.00638343463731467,1,0.849201970476842,0.95617549069011,0.0438245093098897,0.523371196458676,0.000399973249844088,0.47622883029148,0.000399973249844088
15,"logit","common","measurement_mismatch","large",0.03,"aligned",0.00608834450185292,0.00191841053886441,0.00638343463731467,1,0.849201970476842,0.999470780554489,0.000529219445511431,0.948409606362428,4.3411992212139e-07,0.0515899595176502,4.3411992212139e-07
15,"logit","common","measurement_mismatch","large",0.05,"aligned",0.00608834450185292,0.00191841053886441,0.00638343463731467,1,0.849201970476842,0.999999999926097,7.39025507456859e-11,0.999999045231826,4.44089209850063e-16,9.54768173855314e-07,4.44089209850063e-16
16,"probit","common","measurement_mismatch","large",0.01,"mismatched",0.00629174350921237,0.00194965236875834,0.00658689462073904,1,0.46325058274289,0.152339005148916,0.152339005148916,0,0.268121666916748,0.731878333083252,0
16,"probit","common","measurement_mismatch","large",0.02,"aligned",0.00629174350921237,0.00194965236875834,0.00658689462073904,1,0.46325058274289,0.6885752186971,0.3114247813029,0.124405934277978,0.016312427425564,0.859281638296458,0.016312427425564
16,"probit","common","measurement_mismatch","large",0.03,"aligned",0.00629174350921237,0.00194965236875834,0.00658689462073904,1,0.46325058274289,0.977783448815056,0.0222165511849444,0.642492015487174,0.000128673254594314,0.357379311258231,0.000128673254594314
16,"probit","common","measurement_mismatch","large",0.05,"aligned",0.00629174350921237,0.00194965236875834,0.00658689462073904,1,0.46325058274289,0.999999774792624,2.25207375859071e-07,0.999664865420209,1.10698117339325e-11,0.000335134568721585,1.10698117339325e-11
