"scenario","family","baseline_risk","mismatch","operator","precision","agreement_probability","n_complete_vectors"
1,"logit","lower","aligned","direction","small",0.7397,10000
1,"logit","lower","aligned","direction","medium",0.9374,10000
1,"logit","lower","aligned","direction","large",1,10000
1,"logit","lower","aligned","overlap","small",0.987,10000
1,"logit","lower","aligned","overlap","medium",0.9872,10000
1,"logit","lower","aligned","overlap","large",0.989,10000
2,"probit","lower","aligned","direction","small",0.8262,10000
2,"probit","lower","aligned","direction","medium",0.982,10000
2,"probit","lower","aligned","direction","large",1,10000
2,"probit","lower","aligned","overlap","small",0.9843,10000
2,"probit","lower","aligned","overlap","medium",0.985,10000
2,"probit","lower","aligned","overlap","large",0.9882,10000
3,"logit","common","aligned","direction","small",0.889,10000
3,"logit","common","aligned","direction","medium",0.9975,10000
3,"logit","common","aligned","direction","large",1,10000
3,"logit","common","aligned","overlap","small",0.9849,10000
3,"logit","common","aligned","overlap","medium",0.9875,10000
3,"logit","common","aligned","overlap","large",0.9856,10000
4,"probit","common","aligned","direction","small",0.9863,10000
4,"probit","common","aligned","direction","medium",1,10000
4,"probit","common","aligned","direction","large",1,10000
4,"probit","common","aligned","overlap","small",0.9846,10000
4,"probit","common","aligned","overlap","medium",0.9847,10000
4,"probit","common","aligned","overlap","large",0.9853,10000
5,"logit","lower","observed_z_shift","direction","small",0.747,10000
5,"logit","lower","observed_z_shift","direction","medium",0.9785,10000
5,"logit","lower","observed_z_shift","direction","large",1,10000
5,"logit","lower","observed_z_shift","overlap","small",0.9702,10000
5,"logit","lower","observed_z_shift","overlap","medium",0.8923,10000
5,"logit","lower","observed_z_shift","overlap","large",0.0698,10000
6,"probit","lower","observed_z_shift","direction","small",0.8718,10000
6,"probit","lower","observed_z_shift","direction","medium",0.9993,10000
6,"probit","lower","observed_z_shift","direction","large",1,10000
6,"probit","lower","observed_z_shift","overlap","small",0.9502,10000
6,"probit","lower","observed_z_shift","overlap","medium",0.705,10000
6,"probit","lower","observed_z_shift","overlap","large",0,10000
7,"logit","common","observed_z_shift","direction","small",0.9446,10000
7,"logit","common","observed_z_shift","direction","medium",0.9999,10000
7,"logit","common","observed_z_shift","direction","large",1,10000
7,"logit","common","observed_z_shift","overlap","small",0.9517,10000
7,"logit","common","observed_z_shift","overlap","medium",0.7396,10000
7,"logit","common","observed_z_shift","overlap","large",4e-04,10000
8,"probit","common","observed_z_shift","direction","small",0.9981,10000
8,"probit","common","observed_z_shift","direction","medium",1,10000
8,"probit","common","observed_z_shift","direction","large",1,10000
8,"probit","common","observed_z_shift","overlap","small",0.8751,10000
8,"probit","common","observed_z_shift","overlap","medium",0.3207,10000
8,"probit","common","observed_z_shift","overlap","large",0,10000
9,"logit","lower","hidden_u_shift","direction","small",0.757,10000
9,"logit","lower","hidden_u_shift","direction","medium",0.9775,10000
9,"logit","lower","hidden_u_shift","direction","large",1,10000
9,"logit","lower","hidden_u_shift","overlap","small",0.9761,10000
9,"logit","lower","hidden_u_shift","overlap","medium",0.9456,10000
9,"logit","lower","hidden_u_shift","overlap","large",0.3364,10000
10,"probit","lower","hidden_u_shift","direction","small",0.8827,10000
10,"probit","lower","hidden_u_shift","direction","medium",0.9987,10000
10,"probit","lower","hidden_u_shift","direction","large",1,10000
10,"probit","lower","hidden_u_shift","overlap","small",0.9651,10000
10,"probit","lower","hidden_u_shift","overlap","medium",0.8524,10000
10,"probit","lower","hidden_u_shift","overlap","large",0.0194,10000
11,"logit","common","hidden_u_shift","direction","small",0.9406,10000
11,"logit","common","hidden_u_shift","direction","medium",0.9994,10000
11,"logit","common","hidden_u_shift","direction","large",1,10000
11,"logit","common","hidden_u_shift","overlap","small",0.9707,10000
11,"logit","common","hidden_u_shift","overlap","medium",0.8886,10000
11,"logit","common","hidden_u_shift","overlap","large",0.0741,10000
12,"probit","common","hidden_u_shift","direction","small",0.9959,10000
12,"probit","common","hidden_u_shift","direction","medium",1,10000
12,"probit","common","hidden_u_shift","direction","large",1,10000
12,"probit","common","hidden_u_shift","overlap","small",0.9454,10000
12,"probit","common","hidden_u_shift","overlap","medium",0.7321,10000
12,"probit","common","hidden_u_shift","overlap","large",4e-04,10000
13,"logit","lower","measurement_mismatch","direction","small",0.7271,10000
13,"logit","lower","measurement_mismatch","direction","medium",0.9336,10000
13,"logit","lower","measurement_mismatch","direction","large",1,10000
13,"logit","lower","measurement_mismatch","overlap","small",0.9864,10000
13,"logit","lower","measurement_mismatch","overlap","medium",0.9843,10000
13,"logit","lower","measurement_mismatch","overlap","large",0.9507,10000
14,"probit","lower","measurement_mismatch","direction","small",0.8216,10000
14,"probit","lower","measurement_mismatch","direction","medium",0.9827,10000
14,"probit","lower","measurement_mismatch","direction","large",1,10000
14,"probit","lower","measurement_mismatch","overlap","small",0.9849,10000
14,"probit","lower","measurement_mismatch","overlap","medium",0.9796,10000
14,"probit","lower","measurement_mismatch","overlap","large",0.9192,10000
15,"logit","common","measurement_mismatch","direction","small",0.8959,10000
15,"logit","common","measurement_mismatch","direction","medium",0.997,10000
15,"logit","common","measurement_mismatch","direction","large",1,10000
15,"logit","common","measurement_mismatch","overlap","small",0.9839,10000
15,"logit","common","measurement_mismatch","overlap","medium",0.975,10000
15,"logit","common","measurement_mismatch","overlap","large",0.8478,10000
16,"probit","common","measurement_mismatch","direction","small",0.9862,10000
16,"probit","common","measurement_mismatch","direction","medium",1,10000
16,"probit","common","measurement_mismatch","direction","large",1,10000
16,"probit","common","measurement_mismatch","overlap","small",0.9796,10000
16,"probit","common","measurement_mismatch","overlap","medium",0.948,10000
16,"probit","common","measurement_mismatch","overlap","large",0.4666,10000
