"geometry","visit","projection","feature","coefficient"
"curved",0,"U","B1",0.0521697577531578
"curved",0,"U","B2",0.625885448630095
"curved",0,"U","B3",-0.203234219627118
"curved",0,"U","L0",0.0842238514793039
"curved",0,"U","M0",-0.74642341628839
"curved",0,"V","B1",0.400180243631179
"curved",0,"V","B2",-0.485194601507866
"curved",0,"V","B3",-0.602807335172958
"curved",0,"V","L0",0.306878585381339
"curved",0,"V","M0",0.383263384333723
"curved",1,"U","B1",0.166863136970242
"curved",1,"U","B2",-0.3028027250873
"curved",1,"U","B3",0.164075649913379
"curved",1,"U","L0",-0.207622210247492
"curved",1,"U","L1",-0.541341252043992
"curved",1,"U","M0",0.260298605865417
"curved",1,"U","M1",-0.566252191810951
"curved",1,"U","A0",-0.359154760523735
"curved",1,"V","B1",-0.814278174590969
"curved",1,"V","B2",-0.195073908115397
"curved",1,"V","B3",0.456417617049807
"curved",1,"V","L0",-0.21471716675621
"curved",1,"V","L1",0.00178179532961084
"curved",1,"V","M0",0.030802473737447
"curved",1,"V","M1",0.161865812974896
"curved",1,"V","A0",-0.131621477393245
"curved",2,"U","B1",-0.238582305246026
"curved",2,"U","B2",-0.57661923850117
"curved",2,"U","B3",0.0365275914240509
"curved",2,"U","L0",0.161841334671805
"curved",2,"U","L1",0.209023163416592
"curved",2,"U","L2",-0.319680857481323
"curved",2,"U","M0",-0.359960483515079
"curved",2,"U","M1",0.0581707031906381
"curved",2,"U","M2",-0.359213888682767
"curved",2,"U","A0",0.132502547451647
"curved",2,"U","A1",0.39702443007916
"curved",2,"V","B1",-0.108545083557898
"curved",2,"V","B2",0.143522821170841
"curved",2,"V","B3",0.0712399587256214
"curved",2,"V","L0",0.646757598906147
"curved",2,"V","L1",-0.369484694325052
"curved",2,"V","L2",0.234871933576849
"curved",2,"V","M0",0.13991563757835
"curved",2,"V","M1",-0.529582183446044
"curved",2,"V","M2",0.0268712170910967
"curved",2,"V","A0",-0.185340323132051
"curved",2,"V","A1",-0.132129119821512
"curved",3,"U","B1",-0.344715705629051
"curved",3,"U","B2",0.457310906996052
"curved",3,"U","B3",-0.027220446918904
"curved",3,"U","L0",-0.137257850626403
"curved",3,"U","L1",-0.33188255826764
"curved",3,"U","L2",0.158395037328103
"curved",3,"U","L3",-0.0571445072255327
"curved",3,"U","M0",0.0286011216582422
"curved",3,"U","M1",0.120739272151632
"curved",3,"U","M2",0.0464265001677557
"curved",3,"U","M3",0.364769474198412
"curved",3,"U","A0",-0.122662388900491
"curved",3,"U","A1",-0.274520000840651
"curved",3,"U","A2",0.522437703052355
"curved",3,"V","B1",-0.0510918512292606
"curved",3,"V","B2",0.337865811710507
"curved",3,"V","B3",-0.452926945625265
"curved",3,"V","L0",-0.00925186270770597
"curved",3,"V","L1",-0.336436252523696
"curved",3,"V","L2",-0.0538160227612759
"curved",3,"V","L3",0.048299683835094
"curved",3,"V","M0",0.445968526881801
"curved",3,"V","M1",0.241611219248339
"curved",3,"V","M2",-0.0357906389073007
"curved",3,"V","M3",-0.0311302201484319
"curved",3,"V","A0",-0.219313280103139
"curved",3,"V","A1",-0.191619345194831
"curved",3,"V","A2",0.463960416677333
"curved",4,"U","B1",-0.265801657676176
"curved",4,"U","B2",-0.17798662503936
"curved",4,"U","B3",-0.280649658968747
"curved",4,"U","L0",-0.0350708409353418
"curved",4,"U","L1",-0.0852587068553907
"curved",4,"U","L2",-0.118359335070417
"curved",4,"U","L3",-0.0950254959845205
"curved",4,"U","L4",-0.258833930197546
"curved",4,"U","M0",0.0863061551247134
"curved",4,"U","M1",0.41223332765932
"curved",4,"U","M2",-0.2367296377434
"curved",4,"U","M3",0.109079218121202
"curved",4,"U","M4",0.277904377803092
"curved",4,"U","A0",0.097157734905879
"curved",4,"U","A1",-0.467001305871512
"curved",4,"U","A2",-0.245961123917134
"curved",4,"U","A3",-0.331347836333586
"curved",4,"V","B1",0.25293211897729
"curved",4,"V","B2",0.385227308336076
"curved",4,"V","B3",0.0577130218149908
"curved",4,"V","L0",-0.298185199689344
"curved",4,"V","L1",0.123298257410104
"curved",4,"V","L2",-0.00496610183470869
"curved",4,"V","L3",-0.0129562127038614
"curved",4,"V","L4",0.116495821242561
"curved",4,"V","M0",0.00343259529836927
"curved",4,"V","M1",-0.448610558391585
"curved",4,"V","M2",0.156574380661729
"curved",4,"V","M3",0.223705413162157
"curved",4,"V","M4",-0.339138732828457
"curved",4,"V","A0",0.46018150782959
"curved",4,"V","A1",0.183326930317875
"curved",4,"V","A2",-0.00467981756387357
"curved",4,"V","A3",0.17371864305549
"curved",5,"U","B1",-0.470354208525312
"curved",5,"U","B2",0.195525080961554
"curved",5,"U","B3",-0.165167029632696
"curved",5,"U","L0",-0.0575405307752292
"curved",5,"U","L1",-0.291220261873529
"curved",5,"U","L2",-0.170171022210288
"curved",5,"U","L3",0.166617709871537
"curved",5,"U","L4",-0.107640605750946
"curved",5,"U","L5",0.0250315353292271
"curved",5,"U","M0",-0.140060832022794
"curved",5,"U","M1",0.173219929607184
"curved",5,"U","M2",0.0290375005707981
"curved",5,"U","M3",0.294538641769323
"curved",5,"U","M4",-0.175130919405733
"curved",5,"U","M5",-0.0380625248526684
"curved",5,"U","A0",0.467679505991938
"curved",5,"U","A1",0.0437531025807209
"curved",5,"U","A2",0.283986042470937
"curved",5,"U","A3",-0.247319281258146
"curved",5,"U","A4",0.156245087239487
"curved",5,"V","B1",0.183215233592721
"curved",5,"V","B2",-0.266135186127724
"curved",5,"V","B3",-0.0580382299007321
"curved",5,"V","L0",-0.0596202447273131
"curved",5,"V","L1",-0.19217949884285
"curved",5,"V","L2",0.139824721884563
"curved",5,"V","L3",0.340812088222925
"curved",5,"V","L4",-0.0354425992752156
"curved",5,"V","L5",0.0661364045804323
"curved",5,"V","M0",-0.421952473461708
"curved",5,"V","M1",0.228063955662239
"curved",5,"V","M2",0.184573642111196
"curved",5,"V","M3",0.104841774832092
"curved",5,"V","M4",-0.0804584265824659
"curved",5,"V","M5",-0.325960704554742
"curved",5,"V","A0",-0.00371074506124413
"curved",5,"V","A1",0.159258217634497
"curved",5,"V","A2",0.236535089202962
"curved",5,"V","A3",0.276409429106985
"curved",5,"V","A4",-0.406012367559083
"disconnected",0,"U","B1",0.504468418704468
"disconnected",0,"U","B2",0.202358916955737
"disconnected",0,"U","B3",-0.769918646165605
"disconnected",0,"U","L0",0.225311225824
"disconnected",0,"U","M0",0.247027555269697
"disconnected",0,"V","B1",0.318757802478168
"disconnected",0,"V","B2",-0.280241498112995
"disconnected",0,"V","B3",0.595118827906301
"disconnected",0,"V","L0",-0.627137566882149
"disconnected",0,"V","M0",0.269054304874021
"disconnected",1,"U","B1",0.518730793710857
"disconnected",1,"U","B2",-0.181631010149357
"disconnected",1,"U","B3",-0.508544451657833
"disconnected",1,"U","L0",0.105309138591081
"disconnected",1,"U","L1",-0.223089561469074
"disconnected",1,"U","M0",-0.407228259535351
"disconnected",1,"U","M1",0.193922899326743
"disconnected",1,"U","A0",0.418343360341146
"disconnected",1,"V","B1",-0.146620518376182
"disconnected",1,"V","B2",-0.403345738862231
"disconnected",1,"V","B3",0.443689413869226
"disconnected",1,"V","L0",-0.0644562891615497
"disconnected",1,"V","L1",-0.275689060382369
"disconnected",1,"V","M0",-0.289403308561469
"disconnected",1,"V","M1",-0.665062770605306
"disconnected",1,"V","A0",-0.112838413116462
"disconnected",2,"U","B1",0.0177487348119445
"disconnected",2,"U","B2",0.681602488047535
"disconnected",2,"U","B3",0.114401573720593
"disconnected",2,"U","L0",0.417643142057444
"disconnected",2,"U","L1",0.00133787544216415
"disconnected",2,"U","L2",-0.262210515086775
"disconnected",2,"U","M0",0.302196208629215
"disconnected",2,"U","M1",0.011830854233326
"disconnected",2,"U","M2",0.371541689961053
"disconnected",2,"U","A0",0.192496583665464
"disconnected",2,"U","A1",0.110782185689306
"disconnected",2,"V","B1",-0.540930962593428
"disconnected",2,"V","B2",-0.157435899694072
"disconnected",2,"V","B3",0.439316748876943
"disconnected",2,"V","L0",-0.083696394194525
"disconnected",2,"V","L1",-0.175466922456367
"disconnected",2,"V","L2",-0.420931287634194
"disconnected",2,"V","M0",-0.330373405326291
"disconnected",2,"V","M1",0.288652933154963
"disconnected",2,"V","M2",0.226379880160681
"disconnected",2,"V","A0",-0.135054087051454
"disconnected",2,"V","A1",0.112592139281058
"disconnected",3,"U","B1",0.0490303642069459
"disconnected",3,"U","B2",0.120727774476524
"disconnected",3,"U","B3",0.497911240220275
"disconnected",3,"U","L0",-0.406095972361129
"disconnected",3,"U","L1",-0.291412431735345
"disconnected",3,"U","L2",-0.201051377302905
"disconnected",3,"U","L3",0.285027502733653
"disconnected",3,"U","M0",0.186658090729568
"disconnected",3,"U","M1",0.196043359977374
"disconnected",3,"U","M2",0.289919234259644
"disconnected",3,"U","M3",-0.333684425558391
"disconnected",3,"U","A0",-0.170835331300473
"disconnected",3,"U","A1",0.255049137657504
"disconnected",3,"U","A2",0.0264626875021382
"disconnected",3,"V","B1",-0.142199160005541
"disconnected",3,"V","B2",0.00929333398481019
"disconnected",3,"V","B3",-0.108368123586146
"disconnected",3,"V","L0",0.252848496793774
"disconnected",3,"V","L1",-0.0320354568485829
"disconnected",3,"V","L2",-0.214031356889243
"disconnected",3,"V","L3",-0.00476164273065793
"disconnected",3,"V","M0",0.14405920013991
"disconnected",3,"V","M1",-0.179308374105476
"disconnected",3,"V","M2",0.471468200608992
"disconnected",3,"V","M3",0.00311299819763448
"disconnected",3,"V","A0",0.345694005383757
"disconnected",3,"V","A1",0.67015844419333
"disconnected",3,"V","A2",0.115522586680793
"disconnected",4,"U","B1",-0.0259807145305148
"disconnected",4,"U","B2",-0.0420216169193263
"disconnected",4,"U","B3",-0.0302755141598863
"disconnected",4,"U","L0",-0.300458781608793
"disconnected",4,"U","L1",-0.0548656216548008
"disconnected",4,"U","L2",-0.118070421537626
"disconnected",4,"U","L3",-0.157369601780404
"disconnected",4,"U","L4",-0.0484528256224743
"disconnected",4,"U","M0",0.556058572337308
"disconnected",4,"U","M1",-0.229760616560038
"disconnected",4,"U","M2",-0.284311737545665
"disconnected",4,"U","M3",-0.313114627999607
"disconnected",4,"U","M4",-0.449874821107648
"disconnected",4,"U","A0",0.0869935261910224
"disconnected",4,"U","A1",0.0729867072649127
"disconnected",4,"U","A2",0.217702086581793
"disconnected",4,"U","A3",0.242408485521588
"disconnected",4,"V","B1",0.0147060861623279
"disconnected",4,"V","B2",0.150945580085604
"disconnected",4,"V","B3",0.132213354414227
"disconnected",4,"V","L0",0.0275797197902685
"disconnected",4,"V","L1",0.591416544146864
"disconnected",4,"V","L2",0.066313672273821
"disconnected",4,"V","L3",-0.387334934703846
"disconnected",4,"V","L4",-0.416874464216325
"disconnected",4,"V","M0",-0.13988158139246
"disconnected",4,"V","M1",0.0468663902851425
"disconnected",4,"V","M2",0.0554465827628717
"disconnected",4,"V","M3",-0.110088106891426
"disconnected",4,"V","M4",0.0737586537327844
"disconnected",4,"V","A0",0.086810675957361
"disconnected",4,"V","A1",0.100924540931452
"disconnected",4,"V","A2",0.150413861994777
"disconnected",4,"V","A3",-0.445006621300411
"disconnected",5,"U","B1",-0.38760233100961
"disconnected",5,"U","B2",-0.0883462178422746
"disconnected",5,"U","B3",-0.0710556691561676
"disconnected",5,"U","L0",0.15017510712933
"disconnected",5,"U","L1",0.108253145626761
"disconnected",5,"U","L2",-0.0660584452916354
"disconnected",5,"U","L3",0.0200993273303375
"disconnected",5,"U","L4",0.188971423028687
"disconnected",5,"U","L5",0.58433391596054
"disconnected",5,"U","M0",0.17511105993057
"disconnected",5,"U","M1",0.145569091773824
"disconnected",5,"U","M2",0.246822489361852
"disconnected",5,"U","M3",-0.263998824238029
"disconnected",5,"U","M4",0.0629097799622226
"disconnected",5,"U","M5",-0.100557910093724
"disconnected",5,"U","A0",-0.0533756707444303
"disconnected",5,"U","A1",-0.121937231525437
"disconnected",5,"U","A2",-0.26338839031869
"disconnected",5,"U","A3",0.29889910896099
"disconnected",5,"U","A4",-0.21850141651861
"disconnected",5,"V","B1",0.112241184535545
"disconnected",5,"V","B2",0.0945410081280014
"disconnected",5,"V","B3",0.170591334873693
"disconnected",5,"V","L0",0.065834099970955
"disconnected",5,"V","L1",0.231743350048455
"disconnected",5,"V","L2",-0.0829832748938087
"disconnected",5,"V","L3",0.136693873465071
"disconnected",5,"V","L4",-0.100481156288222
"disconnected",5,"V","L5",-0.164574185882637
"disconnected",5,"V","M0",0.00267824241772639
"disconnected",5,"V","M1",0.311309439674487
"disconnected",5,"V","M2",-0.0717549890176995
"disconnected",5,"V","M3",-0.326805004599062
"disconnected",5,"V","M4",0.327015729175538
"disconnected",5,"V","M5",-0.413334211927028
"disconnected",5,"V","A0",-0.022608371596427
"disconnected",5,"V","A1",0.362670547931695
"disconnected",5,"V","A2",-0.0977023913115134
"disconnected",5,"V","A3",0.39502403982232
"disconnected",5,"V","A4",-0.210438911965907
"interaction",0,"U","B1",-0.743343138362763
"interaction",0,"U","B2",0.0132661307169058
"interaction",0,"U","B3",-0.440526031808402
"interaction",0,"U","L0",-0.17688540482936
"interaction",0,"U","M0",-0.471076806139186
"interaction",0,"V","B1",-0.697057944359972
"interaction",0,"V","B2",-0.0283395286767221
"interaction",0,"V","B3",0.143925880022278
"interaction",0,"V","L0",-0.160852299573316
"interaction",0,"V","M0",-0.683168333649051
"interaction",1,"U","B1",-0.0958018425894496
"interaction",1,"U","B2",0.133998896982327
"interaction",1,"U","B3",0.592345369781662
"interaction",1,"U","L0",-0.233275039862157
"interaction",1,"U","L1",-0.297717590802869
"interaction",1,"U","M0",0.604833512350411
"interaction",1,"U","M1",-0.293447964039924
"interaction",1,"U","A0",-0.164331896188004
"interaction",1,"V","B1",-0.326567937180638
"interaction",1,"V","B2",-0.174913001191511
"interaction",1,"V","B3",0.702808250603671
"interaction",1,"V","L0",-0.471185766308149
"interaction",1,"V","L1",0.202481278824997
"interaction",1,"V","M0",0.234031949833866
"interaction",1,"V","M1",0.200843923272557
"interaction",1,"V","A0",-0.103418845471276
"interaction",2,"U","B1",-0.0466274092294973
"interaction",2,"U","B2",0.49605787552067
"interaction",2,"U","B3",-0.254797603744081
"interaction",2,"U","L0",-0.500089751891505
"interaction",2,"U","L1",-0.0641880382475164
"interaction",2,"U","L2",-0.0204243209149107
"interaction",2,"U","M0",-0.0356854367806682
"interaction",2,"U","M1",0.367188017560434
"interaction",2,"U","M2",0.329604079152813
"interaction",2,"U","A0",0.38692572787344
"interaction",2,"U","A1",0.1943007317541
"interaction",2,"V","B1",0.474398615249554
"interaction",2,"V","B2",0.13977338301502
"interaction",2,"V","B3",-0.514015601448784
"interaction",2,"V","L0",-0.138663906994451
"interaction",2,"V","L1",-0.0679529280980743
"interaction",2,"V","L2",-0.56896793788273
"interaction",2,"V","M0",-0.181027143429601
"interaction",2,"V","M1",-0.0261813726345665
"interaction",2,"V","M2",0.243273334429126
"interaction",2,"V","A0",-0.150610956008516
"interaction",2,"V","A1",0.168242850050502
"interaction",3,"U","B1",-0.317874550637815
"interaction",3,"U","B2",-0.0704574527228942
"interaction",3,"U","B3",0.183020782097695
"interaction",3,"U","L0",0.0753189941565042
"interaction",3,"U","L1",0.0854544922701989
"interaction",3,"U","L2",-0.175741032508817
"interaction",3,"U","L3",-0.165317966218557
"interaction",3,"U","M0",-0.132083074594668
"interaction",3,"U","M1",-0.611777400303147
"interaction",3,"U","M2",0.0572947124575047
"interaction",3,"U","M3",-0.614744463137905
"interaction",3,"U","A0",-0.109650582541683
"interaction",3,"U","A1",0.0580292059611376
"interaction",3,"U","A2",0.0316693068218925
"interaction",3,"V","B1",-0.469806212227302
"interaction",3,"V","B2",-0.119270903423309
"interaction",3,"V","B3",0.340527935312017
"interaction",3,"V","L0",0.203958906962262
"interaction",3,"V","L1",-0.295637238811875
"interaction",3,"V","L2",-0.169252954638856
"interaction",3,"V","L3",0.228812272755243
"interaction",3,"V","M0",0.136306955326909
"interaction",3,"V","M1",0.316129814552821
"interaction",3,"V","M2",-0.425955437589576
"interaction",3,"V","M3",-0.0368599293925299
"interaction",3,"V","A0",0.358839745353163
"interaction",3,"V","A1",-0.00169191011998361
"interaction",3,"V","A2",0.0949310695757003
"interaction",4,"U","B1",0.0708159235902699
"interaction",4,"U","B2",0.285762179226288
"interaction",4,"U","B3",0.0296408718353589
"interaction",4,"U","L0",-0.0687522151887642
"interaction",4,"U","L1",-0.0491705469349701
"interaction",4,"U","L2",-0.320685744868153
"interaction",4,"U","L3",-0.317768301746985
"interaction",4,"U","L4",-0.166568630461803
"interaction",4,"U","M0",-0.390764640849809
"interaction",4,"U","M1",0.0234208627532586
"interaction",4,"U","M2",0.0322057175564461
"interaction",4,"U","M3",-0.350193569434465
"interaction",4,"U","M4",0.42300267122504
"interaction",4,"U","A0",-0.285698932549554
"interaction",4,"U","A1",0.0525806058079901
"interaction",4,"U","A2",-0.198421097249552
"interaction",4,"U","A3",0.306808839646575
"interaction",4,"V","B1",0.229741674893963
"interaction",4,"V","B2",-0.236660195263873
"interaction",4,"V","B3",0.0119750953818278
"interaction",4,"V","L0",0.172432465977887
"interaction",4,"V","L1",0.232419059853601
"interaction",4,"V","L2",0.0587064896213938
"interaction",4,"V","L3",-0.481789431900073
"interaction",4,"V","L4",-0.0506922693578988
"interaction",4,"V","M0",-0.223876131485851
"interaction",4,"V","M1",-0.283564813217896
"interaction",4,"V","M2",0.355802972728267
"interaction",4,"V","M3",0.0898762328985737
"interaction",4,"V","M4",0.391422030394437
"interaction",4,"V","A0",-0.316670504149666
"interaction",4,"V","A1",-0.102541217915662
"interaction",4,"V","A2",0.109177938583969
"interaction",4,"V","A3",0.167480048016341
"interaction",5,"U","B1",-0.358349358077574
"interaction",5,"U","B2",-0.0945675311476119
"interaction",5,"U","B3",0.484038027916693
"interaction",5,"U","L0",0.0364582898522665
"interaction",5,"U","L1",0.106575166940478
"interaction",5,"U","L2",-0.0017895139614348
"interaction",5,"U","L3",-0.271205549448516
"interaction",5,"U","L4",0.173553882777307
"interaction",5,"U","L5",-0.185592853276841
"interaction",5,"U","M0",-0.278182899897319
"interaction",5,"U","M1",-0.0652846072015001
"interaction",5,"U","M2",-0.0447904650925154
"interaction",5,"U","M3",-0.0332242246002785
"interaction",5,"U","M4",0.225252525259988
"interaction",5,"U","M5",-0.397272101911074
"interaction",5,"U","A0",0.0115775974482301
"interaction",5,"U","A1",-0.0207920737499485
"interaction",5,"U","A2",0.0809377617953211
"interaction",5,"U","A3",0.0626433784253933
"interaction",5,"U","A4",0.416146603118721
"interaction",5,"V","B1",0.0897102527798772
"interaction",5,"V","B2",0.284252456277839
"interaction",5,"V","B3",0.0798241940708045
"interaction",5,"V","L0",-0.201434905424978
"interaction",5,"V","L1",-0.150499513671994
"interaction",5,"V","L2",-0.0207058493872887
"interaction",5,"V","L3",0.0690160025697862
"interaction",5,"V","L4",-0.00834731979735226
"interaction",5,"V","L5",0.100046514814034
"interaction",5,"V","M0",-0.427127210160868
"interaction",5,"V","M1",-0.394774981574488
"interaction",5,"V","M2",-0.0741602057881063
"interaction",5,"V","M3",-0.0842596238488756
"interaction",5,"V","M4",0.293080034643515
"interaction",5,"V","M5",-0.458634624202806
"interaction",5,"V","A0",-0.213494522803892
"interaction",5,"V","A1",0.125266419407903
"interaction",5,"V","A2",-0.302080259089024
"interaction",5,"V","A3",0.153984722635995
"interaction",5,"V","A4",-0.0540584048434847
