"scenario","n","event_target","K","effect","candidate","coverage","coverage_mcse","failure_probability","failure_mcse","truth_mcse","truth_draws","n_attempted","pass"
7,4000,35,16,"null","c45-h24",0.946,0.00505390937789747,0,0,0,2000000,2000,TRUE
8,8000,35,16,"null","c45-h24",0.95,0.00487339717240448,0,0,0,2000000,2000,TRUE
9,4000,70,16,"null","c45-h24",0.941,0.00526872849936301,0,0,0,2000000,2000,TRUE
10,8000,70,16,"null","c45-h24",0.9485,0.00494205169944629,0,0,0,2000000,2000,TRUE
11,4000,140,16,"null","c45-h24",0.957,0.00453602248671675,0,0,0,2000000,2000,TRUE
12,8000,140,16,"null","c45-h24",0.9475,0.00498717104178311,0,0,0,2000000,2000,TRUE
19,4000,35,16,"homogeneous","c45-h24",0.947,0.0050095408971282,0,0,9.80538712250005e-07,2000000,2000,TRUE
20,8000,35,16,"homogeneous","c45-h24",0.952,0.00477995815881269,0,0,5.25698259313039e-07,2000000,2000,TRUE
21,4000,70,16,"homogeneous","c45-h24",0.9515,0.00480352734977121,0,0,2.31037561888562e-06,2000000,2000,TRUE
22,8000,70,16,"homogeneous","c45-h24",0.9465,0.00503178646208283,0,0,1.02637278210029e-06,2000000,2000,TRUE
23,4000,140,16,"homogeneous","c45-h24",0.949,0.00491929873051028,0,0,3.832850569509e-06,2000000,2000,TRUE
24,8000,140,16,"homogeneous","c45-h24",0.949,0.00491929873051028,0,0,2.12181413224074e-06,2000000,2000,TRUE
31,4000,35,16,"heterogeneous","c45-h24",0.9515,0.00480352734977121,0,0,1.15650773378575e-06,2000000,2000,TRUE
32,8000,35,16,"heterogeneous","c45-h24",0.9545,0.00465992220965114,0,0,5.44461305382137e-07,2000000,2000,TRUE
33,4000,70,16,"heterogeneous","c45-h24",0.9515,0.00480352734977121,0,0,2.19701150536574e-06,2000000,2000,TRUE
34,8000,70,16,"heterogeneous","c45-h24",0.9435,0.00516273909857936,0,0,1.11735821608342e-06,2000000,2000,TRUE
35,4000,140,16,"heterogeneous","c45-h24",0.945,0.00509779364038993,0,0,3.98867167261621e-06,2000000,2000,TRUE
36,8000,140,16,"heterogeneous","c45-h24",0.955,0.00463546114210873,0,0,2.38493419638048e-06,2000000,2000,TRUE
7,4000,35,16,"null","c45-h36",0.953,0.00473238840333293,0,0,0,2000000,2000,TRUE
8,8000,35,16,"null","c45-h36",0.954,0.00468422885862764,0,0,0,2000000,2000,TRUE
9,4000,70,16,"null","c45-h36",0.949,0.00491929873051028,0,0,0,2000000,2000,TRUE
10,8000,70,16,"null","c45-h36",0.9465,0.00503178646208283,0,0,0,2000000,2000,TRUE
11,4000,140,16,"null","c45-h36",0.955,0.00463546114210873,0,0,0,2000000,2000,TRUE
12,8000,140,16,"null","c45-h36",0.953,0.00473238840333293,0,0,0,2000000,2000,TRUE
19,4000,35,16,"homogeneous","c45-h36",0.953,0.00473238840333293,0,0,1.45323957824651e-06,2000000,2000,TRUE
20,8000,35,16,"homogeneous","c45-h36",0.949,0.00491929873051028,0,0,7.83933509710461e-07,2000000,2000,TRUE
21,4000,70,16,"homogeneous","c45-h36",0.9525,0.00475624589355933,0,0,3.38311058020393e-06,2000000,2000,TRUE
22,8000,70,16,"homogeneous","c45-h36",0.941,0.00526872849936301,0,0,1.52072695757035e-06,2000000,2000,TRUE
23,4000,140,16,"homogeneous","c45-h36",0.9475,0.00498717104178311,0,0,5.4691868149668e-06,2000000,2000,TRUE
24,8000,140,16,"homogeneous","c45-h36",0.9515,0.00480352734977121,0,0,3.10583072366885e-06,2000000,2000,TRUE
31,4000,35,16,"heterogeneous","c45-h36",0.9505,0.0048502448391808,0,0,1.7207461808714e-06,2000000,2000,TRUE
32,8000,35,16,"heterogeneous","c45-h36",0.952,0.00477995815881269,0,0,8.13151367122658e-07,2000000,2000,TRUE
33,4000,70,16,"heterogeneous","c45-h36",0.9575,0.00451075104611194,0,0,3.24082204588544e-06,2000000,2000,TRUE
34,8000,70,16,"heterogeneous","c45-h36",0.945,0.00509779364038993,0,0,1.66212109809439e-06,2000000,2000,TRUE
35,4000,140,16,"heterogeneous","c45-h36",0.9445,0.00511955808639769,0,0,5.78400306440653e-06,2000000,2000,TRUE
36,8000,140,16,"heterogeneous","c45-h36",0.944,0.00514120608417908,0,0,3.51953186356696e-06,2000000,2000,TRUE
7,4000,35,16,"null","c45-h48",0.9535,0.00470838348055891,0,0,0,2000000,2000,TRUE
8,8000,35,16,"null","c45-h48",0.955,0.00463546114210873,0,0,0,2000000,2000,TRUE
9,4000,70,16,"null","c45-h48",0.9435,0.00516273909857936,0,0,0,2000000,2000,TRUE
10,8000,70,16,"null","c45-h48",0.9525,0.00475624589355933,0,0,0,2000000,2000,TRUE
11,4000,140,16,"null","c45-h48",0.956,0.00458606585212206,0,0,0,2000000,2000,TRUE
12,8000,140,16,"null","c45-h48",0.949,0.00491929873051028,0,0,0,2000000,2000,TRUE
19,4000,35,16,"homogeneous","c45-h48",0.9525,0.00475624589355933,0,0,1.91453150087853e-06,2000000,2000,TRUE
20,8000,35,16,"homogeneous","c45-h48",0.9515,0.00480352734977121,0,0,1.03913193936974e-06,2000000,2000,TRUE
21,4000,70,16,"homogeneous","c45-h48",0.948,0.00496467521596328,0,0,4.40357976000511e-06,2000000,2000,TRUE
22,8000,70,16,"homogeneous","c45-h48",0.95,0.00487339717240448,0,0,2.00286162252839e-06,2000000,2000,TRUE
23,4000,140,16,"homogeneous","c45-h48",0.942,0.00522666241496426,0,0,6.93804654435099e-06,2000000,2000,TRUE
24,8000,140,16,"homogeneous","c45-h48",0.956,0.00458606585212206,0,0,4.04113168910649e-06,2000000,2000,TRUE
31,4000,35,16,"heterogeneous","c45-h48",0.9545,0.00465992220965114,0,0,2.27590225683921e-06,2000000,2000,TRUE
32,8000,35,16,"heterogeneous","c45-h48",0.95,0.00487339717240448,0,0,1.07951693952118e-06,2000000,2000,TRUE
33,4000,70,16,"heterogeneous","c45-h48",0.947,0.0050095408971282,0,0,4.25010369258538e-06,2000000,2000,TRUE
34,8000,70,16,"heterogeneous","c45-h48",0.9465,0.00503178646208283,0,0,2.19785650730088e-06,2000000,2000,TRUE
35,4000,140,16,"heterogeneous","c45-h48",0.9485,0.00494205169944629,0,0,7.46118559669224e-06,2000000,2000,TRUE
36,8000,140,16,"heterogeneous","c45-h48",0.956,0.00458606585212206,0,0,4.6175601125292e-06,2000000,2000,TRUE
7,4000,35,16,"null","c45-h60",0.9505,0.0048502448391808,0,0,0,2000000,2000,TRUE
8,8000,35,16,"null","c45-h60",0.957,0.00453602248671675,0,0,0,2000000,2000,TRUE
9,4000,70,16,"null","c45-h60",0.946,0.00505390937789747,0,0,0,2000000,2000,TRUE
10,8000,70,16,"null","c45-h60",0.9585,0.00445969449626317,0,0,0,2000000,2000,TRUE
11,4000,140,16,"null","c45-h60",0.955,0.00463546114210873,0,0,0,2000000,2000,TRUE
12,8000,140,16,"null","c45-h60",0.952,0.00477995815881269,0,0,0,2000000,2000,TRUE
19,4000,35,16,"homogeneous","c45-h60",0.956,0.00458606585212206,0,0,2.36463626894895e-06,2000000,2000,TRUE
20,8000,35,16,"homogeneous","c45-h60",0.9515,0.00480352734977121,0,0,1.29132250889598e-06,2000000,2000,TRUE
21,4000,70,16,"homogeneous","c45-h60",0.945,0.00509779364038993,0,0,5.37371671047911e-06,2000000,2000,TRUE
22,8000,70,16,"homogeneous","c45-h60",0.9545,0.00465992220965114,0,0,2.47302186033934e-06,2000000,2000,TRUE
23,4000,140,16,"homogeneous","c45-h60",0.939,0.00535158854920668,0,0,8.25248017028161e-06,2000000,2000,TRUE
24,8000,140,16,"homogeneous","c45-h60",0.962,0.00427527776875375,0,0,4.92953592015683e-06,2000000,2000,TRUE
31,4000,35,16,"heterogeneous","c45-h60",0.9585,0.00445969449626317,0,0,2.82216551225821e-06,2000000,2000,TRUE
32,8000,35,16,"heterogeneous","c45-h60",0.948,0.00496467521596328,0,0,1.34358450215094e-06,2000000,2000,TRUE
33,4000,70,16,"heterogeneous","c45-h60",0.9405,0.00528960064655168,0,0,5.22622216278612e-06,2000000,2000,TRUE
34,8000,70,16,"heterogeneous","c45-h60",0.946,0.00505390937789747,0,0,2.72474610967974e-06,2000000,2000,TRUE
35,4000,140,16,"heterogeneous","c45-h60",0.9425,0.00520546587732549,0,0,9.02978671163837e-06,2000000,2000,TRUE
36,8000,140,16,"heterogeneous","c45-h60",0.9555,0.00461084319837489,0,0,5.6804371668832e-06,2000000,2000,TRUE
7,4000,35,16,"null","c50-h24",0.9455,0.00507591124823908,0,0,0,2000000,2000,TRUE
8,8000,35,16,"null","c50-h24",0.945,0.00509779364038993,0,0,0,2000000,2000,TRUE
9,4000,70,16,"null","c50-h24",0.9385,0.00537204569973116,0,0,0,2000000,2000,TRUE
10,8000,70,16,"null","c50-h24",0.9505,0.0048502448391808,0,0,0,2000000,2000,TRUE
11,4000,140,16,"null","c50-h24",0.9515,0.00480352734977121,0,0,0,2000000,2000,TRUE
12,8000,140,16,"null","c50-h24",0.948,0.00496467521596328,0,0,0,2000000,2000,TRUE
19,4000,35,16,"homogeneous","c50-h24",0.9445,0.00511955808639769,0,0,1.09956379392652e-06,2000000,2000,TRUE
20,8000,35,16,"homogeneous","c50-h24",0.9445,0.00511955808639769,0,0,5.84141168446046e-07,2000000,2000,TRUE
21,4000,70,16,"homogeneous","c50-h24",0.9515,0.00480352734977121,0,0,2.5338024373554e-06,2000000,2000,TRUE
22,8000,70,16,"homogeneous","c50-h24",0.9445,0.00511955808639769,0,0,1.19726555846265e-06,2000000,2000,TRUE
23,4000,140,16,"homogeneous","c50-h24",0.9465,0.00503178646208283,0,0,4.45035985344016e-06,2000000,2000,TRUE
24,8000,140,16,"homogeneous","c50-h24",0.955,0.00463546114210873,0,0,2.38837008076605e-06,2000000,2000,TRUE
31,4000,35,16,"heterogeneous","c50-h24",0.9475,0.00498717104178311,0,0,1.30506435179576e-06,2000000,2000,TRUE
32,8000,35,16,"heterogeneous","c50-h24",0.9505,0.0048502448391808,0,0,6.36662269029626e-07,2000000,2000,TRUE
33,4000,70,16,"heterogeneous","c50-h24",0.944,0.00514120608417908,0,0,2.45704107690559e-06,2000000,2000,TRUE
34,8000,70,16,"heterogeneous","c50-h24",0.9415,0.0052477495176504,0,0,1.24765049433907e-06,2000000,2000,TRUE
35,4000,140,16,"heterogeneous","c50-h24",0.9445,0.00511955808639769,0,0,4.84341515406602e-06,2000000,2000,TRUE
36,8000,140,16,"heterogeneous","c50-h24",0.9515,0.00480352734977121,0,0,2.65089771254973e-06,2000000,2000,TRUE
1,4000,35,4,"null","c50-h36",0.954,0.00468422885862764,0,0,0,2000000,2000,TRUE
2,8000,35,4,"null","c50-h36",0.948,0.00496467521596328,0,0,0,2000000,2000,TRUE
3,4000,70,4,"null","c50-h36",0.9485,0.00494205169944629,0,0,0,2000000,2000,TRUE
4,8000,70,4,"null","c50-h36",0.9455,0.00507591124823908,0,0,0,2000000,2000,TRUE
5,4000,140,4,"null","c50-h36",0.9505,0.0048502448391808,0,0,0,2000000,2000,TRUE
6,8000,140,4,"null","c50-h36",0.9515,0.00480352734977121,0,0,0,2000000,2000,TRUE
7,4000,35,16,"null","c50-h36",0.9525,0.00475624589355933,0,0,0,2000000,2000,TRUE
8,8000,35,16,"null","c50-h36",0.9505,0.0048502448391808,0,0,0,2000000,2000,TRUE
9,4000,70,16,"null","c50-h36",0.9445,0.00511955808639769,0,0,0,2000000,2000,TRUE
10,8000,70,16,"null","c50-h36",0.9465,0.00503178646208283,0,0,0,2000000,2000,TRUE
11,4000,140,16,"null","c50-h36",0.952,0.00477995815881269,0,0,0,2000000,2000,TRUE
12,8000,140,16,"null","c50-h36",0.9515,0.00480352734977121,0,0,0,2000000,2000,TRUE
13,4000,35,4,"homogeneous","c50-h36",0.957,0.00453602248671675,0,0,1.62868624070182e-06,2000000,2000,TRUE
14,8000,35,4,"homogeneous","c50-h36",0.953,0.00473238840333293,0,0,8.70813703929353e-07,2000000,2000,TRUE
15,4000,70,4,"homogeneous","c50-h36",0.945,0.00509779364038993,0,0,3.70495750383095e-06,2000000,2000,TRUE
16,8000,70,4,"homogeneous","c50-h36",0.948,0.00496467521596328,0,0,1.77287224078018e-06,2000000,2000,TRUE
17,4000,140,4,"homogeneous","c50-h36",0.9505,0.0048502448391808,0,0,6.33502725812375e-06,2000000,2000,TRUE
18,8000,140,4,"homogeneous","c50-h36",0.9465,0.00503178646208283,0,0,3.49269900071119e-06,2000000,2000,TRUE
19,4000,35,16,"homogeneous","c50-h36",0.9565,0.00456112650559048,0,0,1.62868624070182e-06,2000000,2000,TRUE
20,8000,35,16,"homogeneous","c50-h36",0.948,0.00496467521596328,0,0,8.70813703929353e-07,2000000,2000,TRUE
21,4000,70,16,"homogeneous","c50-h36",0.948,0.00496467521596328,0,0,3.70495750383095e-06,2000000,2000,TRUE
22,8000,70,16,"homogeneous","c50-h36",0.939,0.00535158854920668,0,0,1.77287224078018e-06,2000000,2000,TRUE
23,4000,140,16,"homogeneous","c50-h36",0.9425,0.00520546587732549,0,0,6.33502725812375e-06,2000000,2000,TRUE
24,8000,140,16,"homogeneous","c50-h36",0.9485,0.00494205169944629,0,0,3.49269900071119e-06,2000000,2000,TRUE
25,4000,35,4,"heterogeneous","c50-h36",0.9535,0.00470838348055891,0,0,1.94002123250007e-06,2000000,2000,TRUE
26,8000,35,4,"heterogeneous","c50-h36",0.9385,0.00537204569973116,0,0,9.50539190703505e-07,2000000,2000,TRUE
27,4000,70,4,"heterogeneous","c50-h36",0.9565,0.00456112650559048,0,0,3.61987411591716e-06,2000000,2000,TRUE
28,8000,70,4,"heterogeneous","c50-h36",0.9575,0.00451075104611194,0,0,1.85493403613453e-06,2000000,2000,TRUE
29,4000,140,4,"heterogeneous","c50-h36",0.955,0.00463546114210873,0,0,7.00801621272637e-06,2000000,2000,TRUE
30,8000,140,4,"heterogeneous","c50-h36",0.954,0.00468422885862764,0,0,3.90785251971534e-06,2000000,2000,TRUE
31,4000,35,16,"heterogeneous","c50-h36",0.9505,0.0048502448391808,0,0,1.94002123250007e-06,2000000,2000,TRUE
32,8000,35,16,"heterogeneous","c50-h36",0.9435,0.00516273909857936,0,0,9.50539190703505e-07,2000000,2000,TRUE
33,4000,70,16,"heterogeneous","c50-h36",0.9505,0.0048502448391808,0,0,3.61987411591716e-06,2000000,2000,TRUE
34,8000,70,16,"heterogeneous","c50-h36",0.939,0.00535158854920668,0,0,1.85493403613453e-06,2000000,2000,TRUE
35,4000,140,16,"heterogeneous","c50-h36",0.9505,0.0048502448391808,0,0,7.00801621272637e-06,2000000,2000,TRUE
36,8000,140,16,"heterogeneous","c50-h36",0.9375,0.00541265877365274,0,0,3.90785251971534e-06,2000000,2000,TRUE
7,4000,35,16,"null","c50-h48",0.949,0.00491929873051028,0,0,0,2000000,2000,TRUE
8,8000,35,16,"null","c50-h48",0.9555,0.00461084319837489,0,0,0,2000000,2000,TRUE
9,4000,70,16,"null","c50-h48",0.9425,0.00520546587732549,0,0,0,2000000,2000,TRUE
10,8000,70,16,"null","c50-h48",0.9505,0.0048502448391808,0,0,0,2000000,2000,TRUE
11,4000,140,16,"null","c50-h48",0.9515,0.00480352734977121,0,0,0,2000000,2000,TRUE
12,8000,140,16,"null","c50-h48",0.9455,0.00507591124823908,0,0,0,2000000,2000,TRUE
19,4000,35,16,"homogeneous","c50-h48",0.9615,0.00430219420761081,0,0,2.1443994622512e-06,2000000,2000,TRUE
20,8000,35,16,"homogeneous","c50-h48",0.9505,0.0048502448391808,0,0,1.15393461193197e-06,2000000,2000,TRUE
21,4000,70,16,"homogeneous","c50-h48",0.9525,0.00475624589355933,0,0,4.81551077543054e-06,2000000,2000,TRUE
22,8000,70,16,"homogeneous","c50-h48",0.954,0.00468422885862764,0,0,2.33354725722114e-06,2000000,2000,TRUE
23,4000,140,16,"homogeneous","c50-h48",0.949,0.00491929873051028,0,0,8.01644091949242e-06,2000000,2000,TRUE
24,8000,140,16,"homogeneous","c50-h48",0.948,0.00496467521596328,0,0,4.54015564659812e-06,2000000,2000,TRUE
31,4000,35,16,"heterogeneous","c50-h48",0.955,0.00463546114210873,0,0,2.56359218215536e-06,2000000,2000,TRUE
32,8000,35,16,"heterogeneous","c50-h48",0.944,0.00514120608417908,0,0,1.26149119860618e-06,2000000,2000,TRUE
33,4000,70,16,"heterogeneous","c50-h48",0.949,0.00491929873051028,0,0,4.74130264003234e-06,2000000,2000,TRUE
34,8000,70,16,"heterogeneous","c50-h48",0.947,0.0050095408971282,0,0,2.45149428847388e-06,2000000,2000,TRUE
35,4000,140,16,"heterogeneous","c50-h48",0.942,0.00522666241496426,0,0,9.01990785036488e-06,2000000,2000,TRUE
36,8000,140,16,"heterogeneous","c50-h48",0.9525,0.00475624589355933,0,0,5.12158291617308e-06,2000000,2000,TRUE
1,4000,35,4,"null","c50-h60",0.957,0.00453602248671675,0,0,0,2000000,2000,TRUE
2,8000,35,4,"null","c50-h60",0.9465,0.00503178646208283,0,0,0,2000000,2000,TRUE
3,4000,70,4,"null","c50-h60",0.9475,0.00498717104178311,0,0,0,2000000,2000,TRUE
4,8000,70,4,"null","c50-h60",0.944,0.00514120608417908,0,0,0,2000000,2000,TRUE
5,4000,140,4,"null","c50-h60",0.947,0.0050095408971282,0,0,0,2000000,2000,TRUE
6,8000,140,4,"null","c50-h60",0.951,0.00482695556225661,0,0,0,2000000,2000,TRUE
7,4000,35,16,"null","c50-h60",0.9455,0.00507591124823908,0,0,0,2000000,2000,TRUE
8,8000,35,16,"null","c50-h60",0.958,0.00448530935387962,0,0,0,2000000,2000,TRUE
9,4000,70,16,"null","c50-h60",0.9455,0.00507591124823908,0,0,0,2000000,2000,TRUE
10,8000,70,16,"null","c50-h60",0.9505,0.0048502448391808,0,0,0,2000000,2000,TRUE
11,4000,140,16,"null","c50-h60",0.952,0.00477995815881269,0,0,0,2000000,2000,TRUE
12,8000,140,16,"null","c50-h60",0.9525,0.00475624589355933,0,0,0,2000000,2000,TRUE
13,4000,35,4,"homogeneous","c50-h60",0.955,0.00463546114210873,0,0,2.64696931515473e-06,2000000,2000,TRUE
14,8000,35,4,"homogeneous","c50-h60",0.952,0.00477995815881269,0,0,1.43353875187967e-06,2000000,2000,TRUE
15,4000,70,4,"homogeneous","c50-h60",0.954,0.00468422885862764,0,0,5.86777047546307e-06,2000000,2000,TRUE
16,8000,70,4,"homogeneous","c50-h60",0.9555,0.00461084319837489,0,0,2.87959683392611e-06,2000000,2000,TRUE
17,4000,140,4,"homogeneous","c50-h60",0.939,0.00535158854920668,0,0,9.51070691145131e-06,2000000,2000,TRUE
18,8000,140,4,"homogeneous","c50-h60",0.947,0.0050095408971282,0,0,5.53290562667928e-06,2000000,2000,TRUE
19,4000,35,16,"homogeneous","c50-h60",0.9515,0.00480352734977121,0,0,2.64696931515473e-06,2000000,2000,TRUE
20,8000,35,16,"homogeneous","c50-h60",0.947,0.0050095408971282,0,0,1.43353875187967e-06,2000000,2000,TRUE
21,4000,70,16,"homogeneous","c50-h60",0.9475,0.00498717104178311,0,0,5.86777047546307e-06,2000000,2000,TRUE
22,8000,70,16,"homogeneous","c50-h60",0.9485,0.00494205169944629,0,0,2.87959683392611e-06,2000000,2000,TRUE
23,4000,140,16,"homogeneous","c50-h60",0.945,0.00509779364038993,0,0,9.51070691145131e-06,2000000,2000,TRUE
24,8000,140,16,"homogeneous","c50-h60",0.961,0.00432891441356837,0,0,5.53290562667928e-06,2000000,2000,TRUE
25,4000,35,4,"heterogeneous","c50-h60",0.9495,0.00489641450451246,0,0,3.17601745513802e-06,2000000,2000,TRUE
26,8000,35,4,"heterogeneous","c50-h60",0.9475,0.00498717104178311,0,0,1.56955116705839e-06,2000000,2000,TRUE
27,4000,70,4,"heterogeneous","c50-h60",0.951,0.00482695556225661,0,0,5.82301161600508e-06,2000000,2000,TRUE
28,8000,70,4,"heterogeneous","c50-h60",0.9525,0.00475624589355933,0,0,3.03755242637543e-06,2000000,2000,TRUE
29,4000,140,4,"heterogeneous","c50-h60",0.9485,0.00494205169944629,0,0,1.08914352088315e-05,2000000,2000,TRUE
30,8000,140,4,"heterogeneous","c50-h60",0.9485,0.00494205169944629,0,0,6.29380722734073e-06,2000000,2000,TRUE
31,4000,35,16,"heterogeneous","c50-h60",0.957,0.00453602248671675,0,0,3.17601745513802e-06,2000000,2000,TRUE
32,8000,35,16,"heterogeneous","c50-h60",0.9485,0.00494205169944629,0,0,1.56955116705839e-06,2000000,2000,TRUE
33,4000,70,16,"heterogeneous","c50-h60",0.9415,0.0052477495176504,0,0,5.82301161600508e-06,2000000,2000,TRUE
34,8000,70,16,"heterogeneous","c50-h60",0.944,0.00514120608417908,0,0,3.03755242637543e-06,2000000,2000,TRUE
35,4000,140,16,"heterogeneous","c50-h60",0.941,0.00526872849936301,0,0,1.08914352088315e-05,2000000,2000,TRUE
36,8000,140,16,"heterogeneous","c50-h60",0.956,0.00458606585212206,0,0,6.29380722734073e-06,2000000,2000,TRUE
7,4000,35,16,"null","c55-h24",0.945,0.00509779364038993,0,0,0,2000000,2000,TRUE
8,8000,35,16,"null","c55-h24",0.9475,0.00498717104178311,0,0,0,2000000,2000,TRUE
9,4000,70,16,"null","c55-h24",0.9435,0.00516273909857936,0,0,0,2000000,2000,TRUE
10,8000,70,16,"null","c55-h24",0.9525,0.00475624589355933,0,0,0,2000000,2000,TRUE
11,4000,140,16,"null","c55-h24",0.9585,0.00445969449626317,0,0,0,2000000,2000,TRUE
12,8000,140,16,"null","c55-h24",0.9415,0.0052477495176504,0,0,0,2000000,2000,TRUE
19,4000,35,16,"homogeneous","c55-h24",0.9485,0.00494205169944629,0,0,1.32236834226953e-06,2000000,2000,TRUE
20,8000,35,16,"homogeneous","c55-h24",0.9465,0.00503178646208283,0,0,7.54658138166025e-07,2000000,2000,TRUE
21,4000,70,16,"homogeneous","c55-h24",0.9475,0.00498717104178311,0,0,3.12604478655162e-06,2000000,2000,TRUE
22,8000,70,16,"homogeneous","c55-h24",0.936,0.00547284204047586,0,0,1.45707977605213e-06,2000000,2000,TRUE
23,4000,140,16,"homogeneous","c55-h24",0.9415,0.0052477495176504,0,0,5.25784844646497e-06,2000000,2000,TRUE
24,8000,140,16,"homogeneous","c55-h24",0.9475,0.00498717104178311,0,0,2.9058525675793e-06,2000000,2000,TRUE
31,4000,35,16,"heterogeneous","c55-h24",0.949,0.00491929873051028,0,0,1.61559865962092e-06,2000000,2000,TRUE
32,8000,35,16,"heterogeneous","c55-h24",0.94,0.0053103672189407,0,0,7.97799042654971e-07,2000000,2000,TRUE
33,4000,70,16,"heterogeneous","c55-h24",0.9515,0.00480352734977121,0,0,3.09062673076995e-06,2000000,2000,TRUE
34,8000,70,16,"heterogeneous","c55-h24",0.94,0.0053103672189407,0,0,1.55649979478695e-06,2000000,2000,TRUE
35,4000,140,16,"heterogeneous","c55-h24",0.9505,0.0048502448391808,0,0,6.11879762335897e-06,2000000,2000,TRUE
36,8000,140,16,"heterogeneous","c55-h24",0.948,0.00496467521596328,0,0,3.26188746200225e-06,2000000,2000,TRUE
1,4000,35,4,"null","c55-h36",0.9515,0.00480352734977121,0,0,0,2000000,2000,TRUE
2,8000,35,4,"null","c55-h36",0.9435,0.00516273909857936,0,0,0,2000000,2000,TRUE
3,4000,70,4,"null","c55-h36",0.9475,0.00498717104178311,0,0,0,2000000,2000,TRUE
4,8000,70,4,"null","c55-h36",0.9485,0.00494205169944629,0,0,0,2000000,2000,TRUE
5,4000,140,4,"null","c55-h36",0.9465,0.00503178646208283,0,0,0,2000000,2000,TRUE
6,8000,140,4,"null","c55-h36",0.9515,0.00480352734977121,0,0,0,2000000,2000,TRUE
7,4000,35,16,"null","c55-h36",0.9485,0.00494205169944629,0,0,0,2000000,2000,TRUE
8,8000,35,16,"null","c55-h36",0.9475,0.00498717104178311,0,0,0,2000000,2000,TRUE
9,4000,70,16,"null","c55-h36",0.948,0.00496467521596328,0,0,0,2000000,2000,TRUE
10,8000,70,16,"null","c55-h36",0.951,0.00482695556225661,0,0,0,2000000,2000,TRUE
11,4000,140,16,"null","c55-h36",0.9515,0.00480352734977121,0,0,0,2000000,2000,TRUE
12,8000,140,16,"null","c55-h36",0.9565,0.00456112650559048,0,0,0,2000000,2000,TRUE
13,4000,35,4,"homogeneous","c55-h36",0.953,0.00473238840333293,0,0,1.956783265866e-06,2000000,2000,TRUE
14,8000,35,4,"homogeneous","c55-h36",0.951,0.00482695556225661,0,0,1.12448673981116e-06,2000000,2000,TRUE
15,4000,70,4,"homogeneous","c55-h36",0.947,0.0050095408971282,0,0,4.56330838670709e-06,2000000,2000,TRUE
16,8000,70,4,"homogeneous","c55-h36",0.9535,0.00470838348055891,0,0,2.15485540298045e-06,2000000,2000,TRUE
17,4000,140,4,"homogeneous","c55-h36",0.9435,0.00516273909857936,0,0,7.4486423478385e-06,2000000,2000,TRUE
18,8000,140,4,"homogeneous","c55-h36",0.95,0.00487339717240448,0,0,4.24162811958981e-06,2000000,2000,TRUE
19,4000,35,16,"homogeneous","c55-h36",0.9495,0.00489641450451246,0,0,1.956783265866e-06,2000000,2000,TRUE
20,8000,35,16,"homogeneous","c55-h36",0.9435,0.00516273909857936,0,0,1.12448673981116e-06,2000000,2000,TRUE
21,4000,70,16,"homogeneous","c55-h36",0.951,0.00482695556225661,0,0,4.56330838670709e-06,2000000,2000,TRUE
22,8000,70,16,"homogeneous","c55-h36",0.9355,0.00549271107923947,0,0,2.15485540298045e-06,2000000,2000,TRUE
23,4000,140,16,"homogeneous","c55-h36",0.948,0.00496467521596328,0,0,7.4486423478385e-06,2000000,2000,TRUE
24,8000,140,16,"homogeneous","c55-h36",0.95,0.00487339717240448,0,0,4.24162811958981e-06,2000000,2000,TRUE
25,4000,35,4,"heterogeneous","c55-h36",0.9455,0.00507591124823908,0,0,2.39864471119684e-06,2000000,2000,TRUE
26,8000,35,4,"heterogeneous","c55-h36",0.9285,0.00576141258720464,0,0,1.19045465631652e-06,2000000,2000,FALSE
27,4000,70,4,"heterogeneous","c55-h36",0.9535,0.00470838348055891,0,0,4.54388088887491e-06,2000000,2000,TRUE
28,8000,70,4,"heterogeneous","c55-h36",0.9535,0.00470838348055891,0,0,2.31259670880313e-06,2000000,2000,TRUE
29,4000,140,4,"heterogeneous","c55-h36",0.954,0.00468422885862764,0,0,8.81897763929766e-06,2000000,2000,TRUE
30,8000,140,4,"heterogeneous","c55-h36",0.958,0.00448530935387962,0,0,4.79854731004072e-06,2000000,2000,TRUE
31,4000,35,16,"heterogeneous","c55-h36",0.9495,0.00489641450451246,0,0,2.39864471119684e-06,2000000,2000,TRUE
32,8000,35,16,"heterogeneous","c55-h36",0.9435,0.00516273909857936,0,0,1.19045465631652e-06,2000000,2000,TRUE
33,4000,70,16,"heterogeneous","c55-h36",0.95,0.00487339717240448,0,0,4.54388088887491e-06,2000000,2000,TRUE
34,8000,70,16,"heterogeneous","c55-h36",0.9465,0.00503178646208283,0,0,2.31259670880313e-06,2000000,2000,TRUE
35,4000,140,16,"heterogeneous","c55-h36",0.946,0.00505390937789747,0,0,8.81897763929766e-06,2000000,2000,TRUE
36,8000,140,16,"heterogeneous","c55-h36",0.947,0.0050095408971282,0,0,4.79854731004072e-06,2000000,2000,TRUE
7,4000,35,16,"null","c55-h48",0.951,0.00482695556225661,0,0,0,2000000,2000,TRUE
8,8000,35,16,"null","c55-h48",0.95,0.00487339717240448,0,0,0,2000000,2000,TRUE
9,4000,70,16,"null","c55-h48",0.9385,0.00537204569973116,0,0,0,2000000,2000,TRUE
10,8000,70,16,"null","c55-h48",0.954,0.00468422885862764,0,0,0,2000000,2000,TRUE
11,4000,140,16,"null","c55-h48",0.9435,0.00516273909857936,0,0,0,2000000,2000,TRUE
12,8000,140,16,"null","c55-h48",0.9535,0.00470838348055891,0,0,0,2000000,2000,TRUE
19,4000,35,16,"homogeneous","c55-h48",0.9485,0.00494205169944629,0,0,2.57384580644808e-06,2000000,2000,TRUE
20,8000,35,16,"homogeneous","c55-h48",0.947,0.0050095408971282,0,0,1.4893828558199e-06,2000000,2000,TRUE
21,4000,70,16,"homogeneous","c55-h48",0.9535,0.00470838348055891,0,0,5.9211518268844e-06,2000000,2000,TRUE
22,8000,70,16,"homogeneous","c55-h48",0.9475,0.00498717104178311,0,0,2.83270241787314e-06,2000000,2000,TRUE
23,4000,140,16,"homogeneous","c55-h48",0.9465,0.00503178646208283,0,0,9.37966157102546e-06,2000000,2000,TRUE
24,8000,140,16,"homogeneous","c55-h48",0.9485,0.00494205169944629,0,0,5.50345425312503e-06,2000000,2000,TRUE
31,4000,35,16,"heterogeneous","c55-h48",0.9495,0.00489641450451246,0,0,3.16567223485653e-06,2000000,2000,TRUE
32,8000,35,16,"heterogeneous","c55-h48",0.9445,0.00511955808639769,0,0,1.57901076665968e-06,2000000,2000,TRUE
33,4000,70,16,"heterogeneous","c55-h48",0.9515,0.00480352734977121,0,0,5.93922818002043e-06,2000000,2000,TRUE
34,8000,70,16,"heterogeneous","c55-h48",0.944,0.00514120608417908,0,0,3.05434520508336e-06,2000000,2000,TRUE
35,4000,140,16,"heterogeneous","c55-h48",0.948,0.00496467521596328,0,0,1.13065565490552e-05,2000000,2000,TRUE
36,8000,140,16,"heterogeneous","c55-h48",0.954,0.00468422885862764,0,0,6.27582509300369e-06,2000000,2000,TRUE
1,4000,35,4,"null","c55-h60",0.957,0.00453602248671675,0,0,0,2000000,2000,TRUE
2,8000,35,4,"null","c55-h60",0.943,0.00518415856238985,0,0,0,2000000,2000,TRUE
3,4000,70,4,"null","c55-h60",0.9415,0.0052477495176504,0,0,0,2000000,2000,TRUE
4,8000,70,4,"null","c55-h60",0.9505,0.0048502448391808,0,0,0,2000000,2000,TRUE
5,4000,140,4,"null","c55-h60",0.949,0.00491929873051028,0,0,0,2000000,2000,TRUE
6,8000,140,4,"null","c55-h60",0.9505,0.0048502448391808,0,0,0,2000000,2000,TRUE
7,4000,35,16,"null","c55-h60",0.9495,0.00489641450451246,0,0,0,2000000,2000,TRUE
8,8000,35,16,"null","c55-h60",0.959,0.00443390347211123,0,0,0,2000000,2000,TRUE
9,4000,70,16,"null","c55-h60",0.944,0.00514120608417908,0,0,0,2000000,2000,TRUE
10,8000,70,16,"null","c55-h60",0.951,0.00482695556225661,0,0,0,2000000,2000,TRUE
11,4000,140,16,"null","c55-h60",0.9435,0.00516273909857936,0,0,0,2000000,2000,TRUE
12,8000,140,16,"null","c55-h60",0.956,0.00458606585212206,0,0,0,2000000,2000,TRUE
13,4000,35,4,"homogeneous","c55-h60",0.9445,0.00511955808639769,0,0,3.17391666927948e-06,2000000,2000,TRUE
14,8000,35,4,"homogeneous","c55-h60",0.9445,0.00511955808639769,0,0,1.84939671218791e-06,2000000,2000,TRUE
15,4000,70,4,"homogeneous","c55-h60",0.953,0.00473238840333293,0,0,7.20272936775144e-06,2000000,2000,TRUE
16,8000,70,4,"homogeneous","c55-h60",0.9545,0.00465992220965114,0,0,3.49104524181851e-06,2000000,2000,TRUE
17,4000,140,4,"homogeneous","c55-h60",0.9455,0.00507591124823908,0,0,1.1072762504665e-05,2000000,2000,TRUE
18,8000,140,4,"homogeneous","c55-h60",0.948,0.00496467521596328,0,0,6.69429239450625e-06,2000000,2000,TRUE
19,4000,35,16,"homogeneous","c55-h60",0.9525,0.00475624589355933,0,0,3.17391666927948e-06,2000000,2000,TRUE
20,8000,35,16,"homogeneous","c55-h60",0.939,0.00535158854920668,0,0,1.84939671218791e-06,2000000,2000,TRUE
21,4000,70,16,"homogeneous","c55-h60",0.943,0.00518415856238985,0,0,7.20272936775144e-06,2000000,2000,TRUE
22,8000,70,16,"homogeneous","c55-h60",0.9465,0.00503178646208283,0,0,3.49104524181851e-06,2000000,2000,TRUE
23,4000,140,16,"homogeneous","c55-h60",0.9465,0.00503178646208283,0,0,1.1072762504665e-05,2000000,2000,TRUE
24,8000,140,16,"homogeneous","c55-h60",0.9525,0.00475624589355933,0,0,6.69429239450625e-06,2000000,2000,TRUE
25,4000,35,4,"heterogeneous","c55-h60",0.9495,0.00489641450451246,0,0,3.91703252263617e-06,2000000,2000,TRUE
26,8000,35,4,"heterogeneous","c55-h60",0.9505,0.0048502448391808,0,0,1.96351392559968e-06,2000000,2000,TRUE
27,4000,70,4,"heterogeneous","c55-h60",0.95,0.00487339717240448,0,0,7.27911279438508e-06,2000000,2000,TRUE
28,8000,70,4,"heterogeneous","c55-h60",0.9485,0.00494205169944629,0,0,3.78205027454258e-06,2000000,2000,TRUE
29,4000,140,4,"heterogeneous","c55-h60",0.9495,0.00489641450451246,0,0,1.35992417889825e-05,2000000,2000,TRUE
30,8000,140,4,"heterogeneous","c55-h60",0.954,0.00468422885862764,0,0,7.69616865180872e-06,2000000,2000,TRUE
31,4000,35,16,"heterogeneous","c55-h60",0.9435,0.00516273909857936,0,0,3.91703252263617e-06,2000000,2000,TRUE
32,8000,35,16,"heterogeneous","c55-h60",0.9455,0.00507591124823908,0,0,1.96351392559968e-06,2000000,2000,TRUE
33,4000,70,16,"heterogeneous","c55-h60",0.9475,0.00498717104178311,0,0,7.27911279438508e-06,2000000,2000,TRUE
34,8000,70,16,"heterogeneous","c55-h60",0.9455,0.00507591124823908,0,0,3.78205027454258e-06,2000000,2000,TRUE
35,4000,140,16,"heterogeneous","c55-h60",0.945,0.00509779364038993,0,0,1.35992417889825e-05,2000000,2000,TRUE
36,8000,140,16,"heterogeneous","c55-h60",0.956,0.00458606585212206,0,0,7.69616865180872e-06,2000000,2000,TRUE
7,4000,35,16,"null","c60-h24",0.9415,0.0052477495176504,0,0,0,2000000,2000,TRUE
8,8000,35,16,"null","c60-h24",0.936,0.00547284204047586,0,0,0,2000000,2000,TRUE
9,4000,70,16,"null","c60-h24",0.943,0.00518415856238985,0,0,0,2000000,2000,TRUE
10,8000,70,16,"null","c60-h24",0.9505,0.0048502448391808,0,0,0,2000000,2000,TRUE
11,4000,140,16,"null","c60-h24",0.947,0.0050095408971282,0,0,0,2000000,2000,TRUE
12,8000,140,16,"null","c60-h24",0.9455,0.00507591124823908,0,0,0,2000000,2000,TRUE
19,4000,35,16,"homogeneous","c60-h24",0.9385,0.00537204569973116,0,0,1.83535556954082e-06,2000000,2000,TRUE
20,8000,35,16,"homogeneous","c60-h24",0.939,0.00535158854920668,0,0,1.04155057878348e-06,2000000,2000,TRUE
21,4000,70,16,"homogeneous","c60-h24",0.945,0.00509779364038993,0,0,4.30594250663048e-06,2000000,2000,TRUE
22,8000,70,16,"homogeneous","c60-h24",0.939,0.00535158854920668,0,0,2.02492875563112e-06,2000000,2000,TRUE
23,4000,140,16,"homogeneous","c60-h24",0.9445,0.00511955808639769,0,0,6.98469270972249e-06,2000000,2000,TRUE
24,8000,140,16,"homogeneous","c60-h24",0.9395,0.0053310294503032,0,0,4.13740724889201e-06,2000000,2000,TRUE
31,4000,35,16,"heterogeneous","c60-h24",0.9415,0.0052477495176504,0,0,2.12159277439354e-06,2000000,2000,TRUE
32,8000,35,16,"heterogeneous","c60-h24",0.941,0.00526872849936301,0,0,9.70841478846536e-07,2000000,2000,TRUE
33,4000,70,16,"heterogeneous","c60-h24",0.948,0.00496467521596328,0,0,4.03697154528318e-06,2000000,2000,TRUE
34,8000,70,16,"heterogeneous","c60-h24",0.9435,0.00516273909857936,0,0,2.00758397534986e-06,2000000,2000,TRUE
35,4000,140,16,"heterogeneous","c60-h24",0.9495,0.00489641450451246,0,0,7.65923316365358e-06,2000000,2000,TRUE
36,8000,140,16,"heterogeneous","c60-h24",0.9415,0.0052477495176504,0,0,4.41964034646387e-06,2000000,2000,TRUE
7,4000,35,16,"null","c60-h36",0.946,0.00505390937789747,0,0,0,2000000,2000,TRUE
8,8000,35,16,"null","c60-h36",0.947,0.0050095408971282,0,0,0,2000000,2000,TRUE
9,4000,70,16,"null","c60-h36",0.9465,0.00503178646208283,0,0,0,2000000,2000,TRUE
10,8000,70,16,"null","c60-h36",0.9495,0.00489641450451246,0,0,0,2000000,2000,TRUE
11,4000,140,16,"null","c60-h36",0.946,0.00505390937789747,0,0,0,2000000,2000,TRUE
12,8000,140,16,"null","c60-h36",0.953,0.00473238840333293,0,0,0,2000000,2000,TRUE
19,4000,35,16,"homogeneous","c60-h36",0.9405,0.00528960064655168,0,0,2.71127148659363e-06,2000000,2000,TRUE
20,8000,35,16,"homogeneous","c60-h36",0.937,0.00543281694887652,0,0,1.55108184507392e-06,2000000,2000,TRUE
21,4000,70,16,"homogeneous","c60-h36",0.9495,0.00489641450451246,0,0,6.26738711503667e-06,2000000,2000,TRUE
22,8000,70,16,"homogeneous","c60-h36",0.934,0.0055517564788092,0,0,2.99108141516038e-06,2000000,2000,TRUE
23,4000,140,16,"homogeneous","c60-h36",0.946,0.00505390937789747,0,0,9.82749709844875e-06,2000000,2000,TRUE
24,8000,140,16,"homogeneous","c60-h36",0.9405,0.00528960064655168,0,0,6.02348208104016e-06,2000000,2000,TRUE
31,4000,35,16,"heterogeneous","c60-h36",0.955,0.00463546114210873,0,0,3.14522496422531e-06,2000000,2000,TRUE
32,8000,35,16,"heterogeneous","c60-h36",0.944,0.00514120608417908,0,0,1.44700505443037e-06,2000000,2000,TRUE
33,4000,70,16,"heterogeneous","c60-h36",0.9485,0.00494205169944629,0,0,5.92221287003401e-06,2000000,2000,TRUE
34,8000,70,16,"heterogeneous","c60-h36",0.94,0.0053103672189407,0,0,2.97643289238037e-06,2000000,2000,TRUE
35,4000,140,16,"heterogeneous","c60-h36",0.9515,0.00480352734977121,0,0,1.09501526031636e-05,2000000,2000,TRUE
36,8000,140,16,"heterogeneous","c60-h36",0.9465,0.00503178646208283,0,0,6.47918933975815e-06,2000000,2000,TRUE
7,4000,35,16,"null","c60-h48",0.9425,0.00520546587732549,0,0,0,2000000,2000,TRUE
8,8000,35,16,"null","c60-h48",0.949,0.00491929873051028,0,0,0,2000000,2000,TRUE
9,4000,70,16,"null","c60-h48",0.9505,0.0048502448391808,0,0,0,2000000,2000,TRUE
10,8000,70,16,"null","c60-h48",0.9535,0.00470838348055891,0,0,0,2000000,2000,TRUE
11,4000,140,16,"null","c60-h48",0.946,0.00505390937789747,0,0,0,2000000,2000,TRUE
12,8000,140,16,"null","c60-h48",0.9535,0.00470838348055891,0,0,0,2000000,2000,TRUE
19,4000,35,16,"homogeneous","c60-h48",0.9515,0.00480352734977121,0,0,3.56017734851326e-06,2000000,2000,TRUE
20,8000,35,16,"homogeneous","c60-h48",0.9385,0.00537204569973116,0,0,2.05322334068824e-06,2000000,2000,TRUE
21,4000,70,16,"homogeneous","c60-h48",0.947,0.0050095408971282,0,0,8.10831514776913e-06,2000000,2000,TRUE
22,8000,70,16,"homogeneous","c60-h48",0.9515,0.00480352734977121,0,0,3.92725865742104e-06,2000000,2000,TRUE
23,4000,140,16,"homogeneous","c60-h48",0.9545,0.00465992220965114,0,0,1.22881527995643e-05,2000000,2000,TRUE
24,8000,140,16,"homogeneous","c60-h48",0.9425,0.00520546587732549,0,0,7.79459777365691e-06,2000000,2000,TRUE
31,4000,35,16,"heterogeneous","c60-h48",0.9515,0.00480352734977121,0,0,4.14486073079294e-06,2000000,2000,TRUE
32,8000,35,16,"heterogeneous","c60-h48",0.95,0.00487339717240448,0,0,1.91710270950559e-06,2000000,2000,TRUE
33,4000,70,16,"heterogeneous","c60-h48",0.9485,0.00494205169944629,0,0,7.72393706932557e-06,2000000,2000,TRUE
34,8000,70,16,"heterogeneous","c60-h48",0.9465,0.00503178646208283,0,0,3.92272732476076e-06,2000000,2000,TRUE
35,4000,140,16,"heterogeneous","c60-h48",0.9475,0.00498717104178311,0,0,1.39275434604587e-05,2000000,2000,TRUE
36,8000,140,16,"heterogeneous","c60-h48",0.9585,0.00445969449626317,0,0,8.44458995368065e-06,2000000,2000,TRUE
7,4000,35,16,"null","c60-h60",0.9495,0.00489641450451246,0,0,0,2000000,2000,TRUE
8,8000,35,16,"null","c60-h60",0.9575,0.00451075104611194,0,0,0,2000000,2000,TRUE
9,4000,70,16,"null","c60-h60",0.948,0.00496467521596328,0,0,0,2000000,2000,TRUE
10,8000,70,16,"null","c60-h60",0.946,0.00505390937789747,0,0,0,2000000,2000,TRUE
11,4000,140,16,"null","c60-h60",0.9495,0.00489641450451246,0,0,0,2000000,2000,TRUE
12,8000,140,16,"null","c60-h60",0.9535,0.00470838348055891,0,0,0,2000000,2000,TRUE
19,4000,35,16,"homogeneous","c60-h60",0.944,0.00514120608417908,0,0,4.38267993257228e-06,2000000,2000,TRUE
20,8000,35,16,"homogeneous","c60-h60",0.9445,0.00511955808639769,0,0,2.54805371683258e-06,2000000,2000,TRUE
21,4000,70,16,"homogeneous","c60-h60",0.9395,0.0053310294503032,0,0,9.83383427090125e-06,2000000,2000,TRUE
22,8000,70,16,"homogeneous","c60-h60",0.95,0.00487339717240448,0,0,4.83411730617581e-06,2000000,2000,TRUE
23,4000,140,16,"homogeneous","c60-h60",0.951,0.00482695556225661,0,0,1.44009842867067e-05,2000000,2000,TRUE
24,8000,140,16,"homogeneous","c60-h60",0.9525,0.00475624589355933,0,0,9.45559596413782e-06,2000000,2000,TRUE
31,4000,35,16,"heterogeneous","c60-h60",0.948,0.00496467521596328,0,0,5.12106575288553e-06,2000000,2000,TRUE
32,8000,35,16,"heterogeneous","c60-h60",0.941,0.00526872849936301,0,0,2.38121221954343e-06,2000000,2000,TRUE
33,4000,70,16,"heterogeneous","c60-h60",0.9465,0.00503178646208283,0,0,9.44587559231069e-06,2000000,2000,TRUE
34,8000,70,16,"heterogeneous","c60-h60",0.947,0.0050095408971282,0,0,4.84700426673302e-06,2000000,2000,TRUE
35,4000,140,16,"heterogeneous","c60-h60",0.9535,0.00470838348055891,0,0,1.66212248986016e-05,2000000,2000,TRUE
36,8000,140,16,"heterogeneous","c60-h60",0.953,0.00473238840333293,0,0,1.0320086542232e-05,2000000,2000,TRUE
