"scenario","n","event_target","K","effect","method","selector","mean_target_movement","probability_abs_gt_001"
1,4000,35,4,"null","bonferroni","effect_seeking",0,0
2,8000,35,4,"null","bonferroni","effect_seeking",0,0
3,4000,70,4,"null","bonferroni","effect_seeking",0,0
4,8000,70,4,"null","bonferroni","effect_seeking",0,0
5,4000,140,4,"null","bonferroni","effect_seeking",0,0
6,8000,140,4,"null","bonferroni","effect_seeking",0,0
7,4000,35,16,"null","bonferroni","effect_seeking",0,0
8,8000,35,16,"null","bonferroni","effect_seeking",0,0
9,4000,70,16,"null","bonferroni","effect_seeking",0,0
10,8000,70,16,"null","bonferroni","effect_seeking",0,0
11,4000,140,16,"null","bonferroni","effect_seeking",0,0
12,8000,140,16,"null","bonferroni","effect_seeking",0,0
13,4000,35,4,"homogeneous","bonferroni","effect_seeking",0.00145914987846395,0
14,8000,35,4,"homogeneous","bonferroni","effect_seeking",0.000737244097394625,0
15,4000,70,4,"homogeneous","bonferroni","effect_seeking",0.00260058325642673,0
16,8000,70,4,"homogeneous","bonferroni","effect_seeking",0.00130984668781168,0
17,4000,140,4,"homogeneous","bonferroni","effect_seeking",0.0043206010655779,0.161
18,8000,140,4,"homogeneous","bonferroni","effect_seeking",0.00235199898387175,0
19,4000,35,16,"homogeneous","bonferroni","effect_seeking",0.00202118427506591,0
20,8000,35,16,"homogeneous","bonferroni","effect_seeking",0.00100957974384989,0
21,4000,70,16,"homogeneous","bonferroni","effect_seeking",0.00383459625943655,0
22,8000,70,16,"homogeneous","bonferroni","effect_seeking",0.00187893915858137,0
23,4000,140,16,"homogeneous","bonferroni","effect_seeking",0.00646735931208943,0.2145
24,8000,140,16,"homogeneous","bonferroni","effect_seeking",0.0034375299237134,0
25,4000,35,4,"heterogeneous","bonferroni","effect_seeking",-0.000208419831365155,0
26,8000,35,4,"heterogeneous","bonferroni","effect_seeking",-9.76706044302415e-05,0
27,4000,70,4,"heterogeneous","bonferroni","effect_seeking",-0.000490385109705811,0
28,8000,70,4,"heterogeneous","bonferroni","effect_seeking",-0.000274866496293036,0
29,4000,140,4,"heterogeneous","bonferroni","effect_seeking",-0.0015031640495175,0
30,8000,140,4,"heterogeneous","bonferroni","effect_seeking",-0.000767744760462872,0
31,4000,35,16,"heterogeneous","bonferroni","effect_seeking",3.03021246572251e-05,0
32,8000,35,16,"heterogeneous","bonferroni","effect_seeking",1.60535227235953e-05,0
33,4000,70,16,"heterogeneous","bonferroni","effect_seeking",-0.000306529654909484,0
34,8000,70,16,"heterogeneous","bonferroni","effect_seeking",-0.000147946344844516,0
35,4000,140,16,"heterogeneous","bonferroni","effect_seeking",-0.00174517308858269,0
36,8000,140,16,"heterogeneous","bonferroni","effect_seeking",-0.000833292790334479,0
1,4000,35,4,"null","naive","effect_seeking",0,0
2,8000,35,4,"null","naive","effect_seeking",0,0
3,4000,70,4,"null","naive","effect_seeking",0,0
4,8000,70,4,"null","naive","effect_seeking",0,0
5,4000,140,4,"null","naive","effect_seeking",0,0
6,8000,140,4,"null","naive","effect_seeking",0,0
7,4000,35,16,"null","naive","effect_seeking",0,0
8,8000,35,16,"null","naive","effect_seeking",0,0
9,4000,70,16,"null","naive","effect_seeking",0,0
10,8000,70,16,"null","naive","effect_seeking",0,0
11,4000,140,16,"null","naive","effect_seeking",0,0
12,8000,140,16,"null","naive","effect_seeking",0,0
13,4000,35,4,"homogeneous","naive","effect_seeking",0.00145914987846395,0
14,8000,35,4,"homogeneous","naive","effect_seeking",0.000737244097394627,0
15,4000,70,4,"homogeneous","naive","effect_seeking",0.00260058325642673,0
16,8000,70,4,"homogeneous","naive","effect_seeking",0.00130984668781168,0
17,4000,140,4,"homogeneous","naive","effect_seeking",0.0043206010655779,0.161
18,8000,140,4,"homogeneous","naive","effect_seeking",0.00235199898387175,0
19,4000,35,16,"homogeneous","naive","effect_seeking",0.00202118427506591,0
20,8000,35,16,"homogeneous","naive","effect_seeking",0.00100957974384989,0
21,4000,70,16,"homogeneous","naive","effect_seeking",0.00383459625943655,0
22,8000,70,16,"homogeneous","naive","effect_seeking",0.00187893915858137,0
23,4000,140,16,"homogeneous","naive","effect_seeking",0.00646735931208943,0.2145
24,8000,140,16,"homogeneous","naive","effect_seeking",0.0034375299237134,0
25,4000,35,4,"heterogeneous","naive","effect_seeking",-0.000208419831365155,0
26,8000,35,4,"heterogeneous","naive","effect_seeking",-9.76706044302414e-05,0
27,4000,70,4,"heterogeneous","naive","effect_seeking",-0.00049038510970581,0
28,8000,70,4,"heterogeneous","naive","effect_seeking",-0.000274866496293033,0
29,4000,140,4,"heterogeneous","naive","effect_seeking",-0.00150316404951749,0
30,8000,140,4,"heterogeneous","naive","effect_seeking",-0.000767744760462872,0
31,4000,35,16,"heterogeneous","naive","effect_seeking",3.03021246572253e-05,0
32,8000,35,16,"heterogeneous","naive","effect_seeking",1.60535227235945e-05,0
33,4000,70,16,"heterogeneous","naive","effect_seeking",-0.00030652965490948,0
34,8000,70,16,"heterogeneous","naive","effect_seeking",-0.000147946344844516,0
35,4000,140,16,"heterogeneous","naive","effect_seeking",-0.00174517308858271,0
36,8000,140,16,"heterogeneous","naive","effect_seeking",-0.000833292790334478,0
1,4000,35,4,"null","bonferroni","outcome_blinded",0,0
2,8000,35,4,"null","bonferroni","outcome_blinded",0,0
3,4000,70,4,"null","bonferroni","outcome_blinded",0,0
4,8000,70,4,"null","bonferroni","outcome_blinded",0,0
5,4000,140,4,"null","bonferroni","outcome_blinded",0,0
6,8000,140,4,"null","bonferroni","outcome_blinded",0,0
7,4000,35,16,"null","bonferroni","outcome_blinded",0,0
8,8000,35,16,"null","bonferroni","outcome_blinded",0,0
9,4000,70,16,"null","bonferroni","outcome_blinded",0,0
10,8000,70,16,"null","bonferroni","outcome_blinded",0,0
11,4000,140,16,"null","bonferroni","outcome_blinded",0,0
12,8000,140,16,"null","bonferroni","outcome_blinded",0,0
13,4000,35,4,"homogeneous","bonferroni","outcome_blinded",0.000636605074147778,0
14,8000,35,4,"homogeneous","bonferroni","outcome_blinded",0.000327949835203043,0
15,4000,70,4,"homogeneous","bonferroni","outcome_blinded",0.00121808884805584,0
16,8000,70,4,"homogeneous","bonferroni","outcome_blinded",0.000629925026764284,0
17,4000,140,4,"homogeneous","bonferroni","outcome_blinded",0.00218532374329676,0
18,8000,140,4,"homogeneous","bonferroni","outcome_blinded",0.00122487925069772,0
19,4000,35,16,"homogeneous","bonferroni","outcome_blinded",0.00112868033632588,0
20,8000,35,16,"homogeneous","bonferroni","outcome_blinded",0.000570945970507725,0
21,4000,70,16,"homogeneous","bonferroni","outcome_blinded",0.00214386129228982,0
22,8000,70,16,"homogeneous","bonferroni","outcome_blinded",0.00111159256637721,0
23,4000,140,16,"homogeneous","bonferroni","outcome_blinded",0.0040326253508991,0
24,8000,140,16,"homogeneous","bonferroni","outcome_blinded",0.00215041289352292,0
25,4000,35,4,"heterogeneous","bonferroni","outcome_blinded",-0.000707193592166307,0
26,8000,35,4,"heterogeneous","bonferroni","outcome_blinded",-0.000353376054713653,0
27,4000,70,4,"heterogeneous","bonferroni","outcome_blinded",-0.0013956699916947,0
28,8000,70,4,"heterogeneous","bonferroni","outcome_blinded",-0.00072626293791096,0
29,4000,140,4,"heterogeneous","bonferroni","outcome_blinded",-0.00278681769130786,0
30,8000,140,4,"heterogeneous","bonferroni","outcome_blinded",-0.0013966485886375,0
31,4000,35,16,"heterogeneous","bonferroni","outcome_blinded",-0.00110432106690451,0
32,8000,35,16,"heterogeneous","bonferroni","outcome_blinded",-0.000543514592462427,0
33,4000,70,16,"heterogeneous","bonferroni","outcome_blinded",-0.0021542525512409,0
34,8000,70,16,"heterogeneous","bonferroni","outcome_blinded",-0.00110710870232235,0
35,4000,140,16,"heterogeneous","bonferroni","outcome_blinded",-0.00433173710473204,0
36,8000,140,16,"heterogeneous","bonferroni","outcome_blinded",-0.00221460458848789,0
1,4000,35,4,"null","naive","outcome_blinded",0,0
2,8000,35,4,"null","naive","outcome_blinded",0,0
3,4000,70,4,"null","naive","outcome_blinded",0,0
4,8000,70,4,"null","naive","outcome_blinded",0,0
5,4000,140,4,"null","naive","outcome_blinded",0,0
6,8000,140,4,"null","naive","outcome_blinded",0,0
7,4000,35,16,"null","naive","outcome_blinded",0,0
8,8000,35,16,"null","naive","outcome_blinded",0,0
9,4000,70,16,"null","naive","outcome_blinded",0,0
10,8000,70,16,"null","naive","outcome_blinded",0,0
11,4000,140,16,"null","naive","outcome_blinded",0,0
12,8000,140,16,"null","naive","outcome_blinded",0,0
13,4000,35,4,"homogeneous","naive","outcome_blinded",0.000636605074147778,0
14,8000,35,4,"homogeneous","naive","outcome_blinded",0.000327949835203043,0
15,4000,70,4,"homogeneous","naive","outcome_blinded",0.00121808884805584,0
16,8000,70,4,"homogeneous","naive","outcome_blinded",0.000629925026764284,0
17,4000,140,4,"homogeneous","naive","outcome_blinded",0.00218532374329676,0
18,8000,140,4,"homogeneous","naive","outcome_blinded",0.00122487925069772,0
19,4000,35,16,"homogeneous","naive","outcome_blinded",0.00112868033632588,0
20,8000,35,16,"homogeneous","naive","outcome_blinded",0.000570945970507725,0
21,4000,70,16,"homogeneous","naive","outcome_blinded",0.00214386129228982,0
22,8000,70,16,"homogeneous","naive","outcome_blinded",0.00111159256637721,0
23,4000,140,16,"homogeneous","naive","outcome_blinded",0.0040326253508991,0
24,8000,140,16,"homogeneous","naive","outcome_blinded",0.00215041289352292,0
25,4000,35,4,"heterogeneous","naive","outcome_blinded",-0.000707193592166307,0
26,8000,35,4,"heterogeneous","naive","outcome_blinded",-0.000353376054713653,0
27,4000,70,4,"heterogeneous","naive","outcome_blinded",-0.0013956699916947,0
28,8000,70,4,"heterogeneous","naive","outcome_blinded",-0.00072626293791096,0
29,4000,140,4,"heterogeneous","naive","outcome_blinded",-0.00278681769130786,0
30,8000,140,4,"heterogeneous","naive","outcome_blinded",-0.0013966485886375,0
31,4000,35,16,"heterogeneous","naive","outcome_blinded",-0.00110432106690451,0
32,8000,35,16,"heterogeneous","naive","outcome_blinded",-0.000543514592462426,0
33,4000,70,16,"heterogeneous","naive","outcome_blinded",-0.00215425255124091,0
34,8000,70,16,"heterogeneous","naive","outcome_blinded",-0.00110710870232234,0
35,4000,140,16,"heterogeneous","naive","outcome_blinded",-0.00433173710473205,0
36,8000,140,16,"heterogeneous","naive","outcome_blinded",-0.00221460458848789,0
1,4000,35,4,"null","bonferroni","prognostic_high",0,0
2,8000,35,4,"null","bonferroni","prognostic_high",0,0
3,4000,70,4,"null","bonferroni","prognostic_high",0,0
4,8000,70,4,"null","bonferroni","prognostic_high",0,0
5,4000,140,4,"null","bonferroni","prognostic_high",0,0
6,8000,140,4,"null","bonferroni","prognostic_high",0,0
7,4000,35,16,"null","bonferroni","prognostic_high",0,0
8,8000,35,16,"null","bonferroni","prognostic_high",0,0
9,4000,70,16,"null","bonferroni","prognostic_high",0,0
10,8000,70,16,"null","bonferroni","prognostic_high",0,0
11,4000,140,16,"null","bonferroni","prognostic_high",0,0
12,8000,140,16,"null","bonferroni","prognostic_high",0,0
13,4000,35,4,"homogeneous","bonferroni","prognostic_high",0.000785839618962958,0
14,8000,35,4,"homogeneous","bonferroni","prognostic_high",0.000369683835206594,0
15,4000,70,4,"homogeneous","bonferroni","prognostic_high",0.00115471718640285,0
16,8000,70,4,"homogeneous","bonferroni","prognostic_high",0.000591218103421816,0
17,4000,140,4,"homogeneous","bonferroni","prognostic_high",0.00186285514119919,0.0055
18,8000,140,4,"homogeneous","bonferroni","prognostic_high",0.000961435590110436,0
19,4000,35,16,"homogeneous","bonferroni","prognostic_high",0.000775384197248791,0
20,8000,35,16,"homogeneous","bonferroni","prognostic_high",0.000392042923145278,0
21,4000,70,16,"homogeneous","bonferroni","prognostic_high",0.00109205777232966,0
22,8000,70,16,"homogeneous","bonferroni","prognostic_high",0.00056023603204142,0
23,4000,140,16,"homogeneous","bonferroni","prognostic_high",0.00159503898495568,0.0035
24,8000,140,16,"homogeneous","bonferroni","prognostic_high",0.000829403835493355,0
25,4000,35,4,"heterogeneous","bonferroni","prognostic_high",-0.000421118492980178,0
26,8000,35,4,"heterogeneous","bonferroni","prognostic_high",-0.000216181411134104,0
27,4000,70,4,"heterogeneous","bonferroni","prognostic_high",-0.000934284824516187,0
28,8000,70,4,"heterogeneous","bonferroni","prognostic_high",-0.000491739212442181,0
29,4000,140,4,"heterogeneous","bonferroni","prognostic_high",-0.00199432579426349,0
30,8000,140,4,"heterogeneous","bonferroni","prognostic_high",-0.000979275288929909,0
31,4000,35,16,"heterogeneous","bonferroni","prognostic_high",0.000249951771697039,0
32,8000,35,16,"heterogeneous","bonferroni","prognostic_high",0.000122160330546731,0
33,4000,70,16,"heterogeneous","bonferroni","prognostic_high",0.000175250905606389,0
34,8000,70,16,"heterogeneous","bonferroni","prognostic_high",5.77510287888871e-05,0
35,4000,140,16,"heterogeneous","bonferroni","prognostic_high",-1.96050460861878e-07,0
36,8000,140,16,"heterogeneous","bonferroni","prognostic_high",7.58772888069766e-05,0
1,4000,35,4,"null","naive","prognostic_high",0,0
2,8000,35,4,"null","naive","prognostic_high",0,0
3,4000,70,4,"null","naive","prognostic_high",0,0
4,8000,70,4,"null","naive","prognostic_high",0,0
5,4000,140,4,"null","naive","prognostic_high",0,0
6,8000,140,4,"null","naive","prognostic_high",0,0
7,4000,35,16,"null","naive","prognostic_high",0,0
8,8000,35,16,"null","naive","prognostic_high",0,0
9,4000,70,16,"null","naive","prognostic_high",0,0
10,8000,70,16,"null","naive","prognostic_high",0,0
11,4000,140,16,"null","naive","prognostic_high",0,0
12,8000,140,16,"null","naive","prognostic_high",0,0
13,4000,35,4,"homogeneous","naive","prognostic_high",0.000785839618962957,0
14,8000,35,4,"homogeneous","naive","prognostic_high",0.000369683835206595,0
15,4000,70,4,"homogeneous","naive","prognostic_high",0.00115471718640285,0
16,8000,70,4,"homogeneous","naive","prognostic_high",0.000591218103421815,0
17,4000,140,4,"homogeneous","naive","prognostic_high",0.00186285514119919,0.0055
18,8000,140,4,"homogeneous","naive","prognostic_high",0.000961435590110436,0
19,4000,35,16,"homogeneous","naive","prognostic_high",0.000775384197248791,0
20,8000,35,16,"homogeneous","naive","prognostic_high",0.000392042923145278,0
21,4000,70,16,"homogeneous","naive","prognostic_high",0.00109205777232966,0
22,8000,70,16,"homogeneous","naive","prognostic_high",0.000560236032041419,0
23,4000,140,16,"homogeneous","naive","prognostic_high",0.00159503898495569,0.0035
24,8000,140,16,"homogeneous","naive","prognostic_high",0.000829403835493357,0
25,4000,35,4,"heterogeneous","naive","prognostic_high",-0.000421118492980178,0
26,8000,35,4,"heterogeneous","naive","prognostic_high",-0.000216181411134104,0
27,4000,70,4,"heterogeneous","naive","prognostic_high",-0.000934284824516186,0
28,8000,70,4,"heterogeneous","naive","prognostic_high",-0.000491739212442181,0
29,4000,140,4,"heterogeneous","naive","prognostic_high",-0.00199432579426349,0
30,8000,140,4,"heterogeneous","naive","prognostic_high",-0.000979275288929909,0
31,4000,35,16,"heterogeneous","naive","prognostic_high",0.00024995177169704,0
32,8000,35,16,"heterogeneous","naive","prognostic_high",0.000122160330546732,0
33,4000,70,16,"heterogeneous","naive","prognostic_high",0.000175250905606391,0
34,8000,70,16,"heterogeneous","naive","prognostic_high",5.77510287888854e-05,0
35,4000,140,16,"heterogeneous","naive","prognostic_high",-1.96050460852613e-07,0
36,8000,140,16,"heterogeneous","naive","prognostic_high",7.58772888069784e-05,0
1,4000,35,4,"null","split","prognostic_high",0,0
2,8000,35,4,"null","split","prognostic_high",0,0
3,4000,70,4,"null","split","prognostic_high",0,0
4,8000,70,4,"null","split","prognostic_high",0,0
5,4000,140,4,"null","split","prognostic_high",0,0
6,8000,140,4,"null","split","prognostic_high",0,0
7,4000,35,16,"null","split","prognostic_high",0,0
8,8000,35,16,"null","split","prognostic_high",0,0
9,4000,70,16,"null","split","prognostic_high",0,0
10,8000,70,16,"null","split","prognostic_high",0,0
11,4000,140,16,"null","split","prognostic_high",0,0
12,8000,140,16,"null","split","prognostic_high",0,0
13,4000,35,4,"homogeneous","split","prognostic_high",0.00104061023235262,0
14,8000,35,4,"homogeneous","split","prognostic_high",0.000499750437541558,0
15,4000,70,4,"homogeneous","split","prognostic_high",0.00150910415288828,0
16,8000,70,4,"homogeneous","split","prognostic_high",0.00076106267208702,0
17,4000,140,4,"homogeneous","split","prognostic_high",0.00221106660936401,0.0265
18,8000,140,4,"homogeneous","split","prognostic_high",0.00106852162828688,0
19,4000,35,16,"homogeneous","split","prognostic_high",0.00105057639172136,0
20,8000,35,16,"homogeneous","split","prognostic_high",0.000551690489620788,0
21,4000,70,16,"homogeneous","split","prognostic_high",0.0014111813526329,0
22,8000,70,16,"homogeneous","split","prognostic_high",0.000792949187530713,0
23,4000,140,16,"homogeneous","split","prognostic_high",0.00193690856567693,0.017
24,8000,140,16,"homogeneous","split","prognostic_high",0.001025232564796,0
25,4000,35,4,"heterogeneous","split","prognostic_high",-0.000342370218070712,0
26,8000,35,4,"heterogeneous","split","prognostic_high",-0.000169344944967246,0
27,4000,70,4,"heterogeneous","split","prognostic_high",-0.000795141729553352,0
28,8000,70,4,"heterogeneous","split","prognostic_high",-0.00042429618466248,0
29,4000,140,4,"heterogeneous","split","prognostic_high",-0.0018599964784226,0
30,8000,140,4,"heterogeneous","split","prognostic_high",-0.000906549428755749,0
31,4000,35,16,"heterogeneous","split","prognostic_high",0.000424841237713653,0
32,8000,35,16,"heterogeneous","split","prognostic_high",0.000179559406318226,0
33,4000,70,16,"heterogeneous","split","prognostic_high",0.00047152603062995,0
34,8000,70,16,"heterogeneous","split","prognostic_high",0.00020356495131354,0
35,4000,140,16,"heterogeneous","split","prognostic_high",0.000454635669574241,0
36,8000,140,16,"heterogeneous","split","prognostic_high",0.000281451410345968,0
1,4000,35,4,"null","bonferroni","prognostic_low",0,0
2,8000,35,4,"null","bonferroni","prognostic_low",0,0
3,4000,70,4,"null","bonferroni","prognostic_low",0,0
4,8000,70,4,"null","bonferroni","prognostic_low",0,0
5,4000,140,4,"null","bonferroni","prognostic_low",0,0
6,8000,140,4,"null","bonferroni","prognostic_low",0,0
7,4000,35,16,"null","bonferroni","prognostic_low",0,0
8,8000,35,16,"null","bonferroni","prognostic_low",0,0
9,4000,70,16,"null","bonferroni","prognostic_low",0,0
10,8000,70,16,"null","bonferroni","prognostic_low",0,0
11,4000,140,16,"null","bonferroni","prognostic_low",0,0
12,8000,140,16,"null","bonferroni","prognostic_low",0,0
13,4000,35,4,"homogeneous","bonferroni","prognostic_low",0.00106713284202479,0
14,8000,35,4,"homogeneous","bonferroni","prognostic_low",0.00054124418316944,0
15,4000,70,4,"homogeneous","bonferroni","prognostic_low",0.00171826930129591,0
16,8000,70,4,"homogeneous","bonferroni","prognostic_low",0.000932450937258818,0
17,4000,140,4,"homogeneous","bonferroni","prognostic_low",0.00278881685785093,0.036
18,8000,140,4,"homogeneous","bonferroni","prognostic_low",0.00141988394337191,0
19,4000,35,16,"homogeneous","bonferroni","prognostic_low",0.00136269661524001,0
20,8000,35,16,"homogeneous","bonferroni","prognostic_low",0.000706089121010158,0
21,4000,70,16,"homogeneous","bonferroni","prognostic_low",0.00233038378259699,0
22,8000,70,16,"homogeneous","bonferroni","prognostic_low",0.00115106131263153,0
23,4000,140,16,"homogeneous","bonferroni","prognostic_low",0.00389619779344917,0.029
24,8000,140,16,"homogeneous","bonferroni","prognostic_low",0.00201554465626854,0
25,4000,35,4,"heterogeneous","bonferroni","prognostic_low",-0.00043513727174185,0
26,8000,35,4,"heterogeneous","bonferroni","prognostic_low",-0.00021947159203905,0
27,4000,70,4,"heterogeneous","bonferroni","prognostic_low",-0.00109630537360831,0
28,8000,70,4,"heterogeneous","bonferroni","prognostic_low",-0.000563393833859024,0
29,4000,140,4,"heterogeneous","bonferroni","prognostic_low",-0.00254410469194439,0
30,8000,140,4,"heterogeneous","bonferroni","prognostic_low",-0.00129459430547668,0
31,4000,35,16,"heterogeneous","bonferroni","prognostic_low",-0.000129059661022155,0
32,8000,35,16,"heterogeneous","bonferroni","prognostic_low",-3.41156963062807e-05,0
33,4000,70,16,"heterogeneous","bonferroni","prognostic_low",-0.000858218447642511,0
34,8000,70,16,"heterogeneous","bonferroni","prognostic_low",-0.000416837135913385,0
35,4000,140,16,"heterogeneous","bonferroni","prognostic_low",-0.00308208081180191,0
36,8000,140,16,"heterogeneous","bonferroni","prognostic_low",-0.0015288570146013,0
1,4000,35,4,"null","naive","prognostic_low",0,0
2,8000,35,4,"null","naive","prognostic_low",0,0
3,4000,70,4,"null","naive","prognostic_low",0,0
4,8000,70,4,"null","naive","prognostic_low",0,0
5,4000,140,4,"null","naive","prognostic_low",0,0
6,8000,140,4,"null","naive","prognostic_low",0,0
7,4000,35,16,"null","naive","prognostic_low",0,0
8,8000,35,16,"null","naive","prognostic_low",0,0
9,4000,70,16,"null","naive","prognostic_low",0,0
10,8000,70,16,"null","naive","prognostic_low",0,0
11,4000,140,16,"null","naive","prognostic_low",0,0
12,8000,140,16,"null","naive","prognostic_low",0,0
13,4000,35,4,"homogeneous","naive","prognostic_low",0.00106713284202479,0
14,8000,35,4,"homogeneous","naive","prognostic_low",0.00054124418316944,0
15,4000,70,4,"homogeneous","naive","prognostic_low",0.00171826930129591,0
16,8000,70,4,"homogeneous","naive","prognostic_low",0.000932450937258822,0
17,4000,140,4,"homogeneous","naive","prognostic_low",0.00278881685785093,0.036
18,8000,140,4,"homogeneous","naive","prognostic_low",0.00141988394337191,0
19,4000,35,16,"homogeneous","naive","prognostic_low",0.00136269661524001,0
20,8000,35,16,"homogeneous","naive","prognostic_low",0.000706089121010158,0
21,4000,70,16,"homogeneous","naive","prognostic_low",0.00233038378259699,0
22,8000,70,16,"homogeneous","naive","prognostic_low",0.00115106131263152,0
23,4000,140,16,"homogeneous","naive","prognostic_low",0.00389619779344917,0.029
24,8000,140,16,"homogeneous","naive","prognostic_low",0.00201554465626854,0
25,4000,35,4,"heterogeneous","naive","prognostic_low",-0.000435137271741853,0
26,8000,35,4,"heterogeneous","naive","prognostic_low",-0.000219471592039049,0
27,4000,70,4,"heterogeneous","naive","prognostic_low",-0.00109630537360831,0
28,8000,70,4,"heterogeneous","naive","prognostic_low",-0.000563393833859024,0
29,4000,140,4,"heterogeneous","naive","prognostic_low",-0.00254410469194439,0
30,8000,140,4,"heterogeneous","naive","prognostic_low",-0.00129459430547668,0
31,4000,35,16,"heterogeneous","naive","prognostic_low",-0.00012905966102215,0
32,8000,35,16,"heterogeneous","naive","prognostic_low",-3.41156963062804e-05,0
33,4000,70,16,"heterogeneous","naive","prognostic_low",-0.00085821844764251,0
34,8000,70,16,"heterogeneous","naive","prognostic_low",-0.000416837135913386,0
35,4000,140,16,"heterogeneous","naive","prognostic_low",-0.00308208081180191,0
36,8000,140,16,"heterogeneous","naive","prognostic_low",-0.0015288570146013,0
1,4000,35,4,"null","split","prognostic_low",0,0
2,8000,35,4,"null","split","prognostic_low",0,0
3,4000,70,4,"null","split","prognostic_low",0,0
4,8000,70,4,"null","split","prognostic_low",0,0
5,4000,140,4,"null","split","prognostic_low",0,0
6,8000,140,4,"null","split","prognostic_low",0,0
7,4000,35,16,"null","split","prognostic_low",0,0
8,8000,35,16,"null","split","prognostic_low",0,0
9,4000,70,16,"null","split","prognostic_low",0,0
10,8000,70,16,"null","split","prognostic_low",0,0
11,4000,140,16,"null","split","prognostic_low",0,0
12,8000,140,16,"null","split","prognostic_low",0,0
13,4000,35,4,"homogeneous","split","prognostic_low",0.00126894191592218,0
14,8000,35,4,"homogeneous","split","prognostic_low",0.000652763477986917,0
15,4000,70,4,"homogeneous","split","prognostic_low",0.00207432058017014,0
16,8000,70,4,"homogeneous","split","prognostic_low",0.00108590608318548,0
17,4000,140,4,"homogeneous","split","prognostic_low",0.00333538078315238,0.085
18,8000,140,4,"homogeneous","split","prognostic_low",0.00171475420349678,0
19,4000,35,16,"homogeneous","split","prognostic_low",0.00160299171402428,0
20,8000,35,16,"homogeneous","split","prognostic_low",0.000795368376889284,0
21,4000,70,16,"homogeneous","split","prognostic_low",0.00261155461138265,0
22,8000,70,16,"homogeneous","split","prognostic_low",0.0013672137583892,0
23,4000,140,16,"homogeneous","split","prognostic_low",0.00427509635030551,0.078
24,8000,140,16,"homogeneous","split","prognostic_low",0.00217131503501907,0
25,4000,35,4,"heterogeneous","split","prognostic_low",-0.000303550150257999,0
26,8000,35,4,"heterogeneous","split","prognostic_low",-0.000168316428431368,0
27,4000,70,4,"heterogeneous","split","prognostic_low",-0.000847683926639471,0
28,8000,70,4,"heterogeneous","split","prognostic_low",-0.000436275127311509,0
29,4000,140,4,"heterogeneous","split","prognostic_low",-0.00211617529366345,0
30,8000,140,4,"heterogeneous","split","prognostic_low",-0.00111536360620152,0
31,4000,35,16,"heterogeneous","split","prognostic_low",0.000216065030891907,0
32,8000,35,16,"heterogeneous","split","prognostic_low",0.000106075261584541,0
33,4000,70,16,"heterogeneous","split","prognostic_low",-0.000203128602598631,0
34,8000,70,16,"heterogeneous","split","prognostic_low",-8.82777348798106e-05,0
35,4000,140,16,"heterogeneous","split","prognostic_low",-0.00158249134632489,0
36,8000,140,16,"heterogeneous","split","prognostic_low",-0.000786599843201503,0
1,4000,35,4,"null","bonferroni","workability",0,0
2,8000,35,4,"null","bonferroni","workability",0,0
3,4000,70,4,"null","bonferroni","workability",0,0
4,8000,70,4,"null","bonferroni","workability",0,0
5,4000,140,4,"null","bonferroni","workability",0,0
6,8000,140,4,"null","bonferroni","workability",0,0
7,4000,35,16,"null","bonferroni","workability",0,0
8,8000,35,16,"null","bonferroni","workability",0,0
9,4000,70,16,"null","bonferroni","workability",0,0
10,8000,70,16,"null","bonferroni","workability",0,0
11,4000,140,16,"null","bonferroni","workability",0,0
12,8000,140,16,"null","bonferroni","workability",0,0
13,4000,35,4,"homogeneous","bonferroni","workability",0.000817906261501721,0
14,8000,35,4,"homogeneous","bonferroni","workability",0.000418020564589795,0
15,4000,70,4,"homogeneous","bonferroni","workability",0.00057629964246986,0
16,8000,70,4,"homogeneous","bonferroni","workability",0.000265122593719264,0
17,4000,140,4,"homogeneous","bonferroni","workability",0.00981997837880347,0
18,8000,140,4,"homogeneous","bonferroni","workability",0.00536712802650258,0
19,4000,35,16,"homogeneous","bonferroni","workability",0.0012855002712353,0
20,8000,35,16,"homogeneous","bonferroni","workability",0.000653974408768967,0
21,4000,70,16,"homogeneous","bonferroni","workability",0.000580801045529319,0
22,8000,70,16,"homogeneous","bonferroni","workability",0.000260602757464451,0
23,4000,140,16,"homogeneous","bonferroni","workability",0.00701964908332758,0.024
24,8000,140,16,"homogeneous","bonferroni","workability",0.003878565402972,0
25,4000,35,4,"heterogeneous","bonferroni","workability",-0.000866118617063949,0
26,8000,35,4,"heterogeneous","bonferroni","workability",-0.000441605484716739,0
27,4000,70,4,"heterogeneous","bonferroni","workability",0.000614315208938251,0
28,8000,70,4,"heterogeneous","bonferroni","workability",0.000313457272485954,0
29,4000,140,4,"heterogeneous","bonferroni","workability",0.00277801319090824,0
30,8000,140,4,"heterogeneous","bonferroni","workability",0.00142495243673652,0
31,4000,35,16,"heterogeneous","bonferroni","workability",-0.0011055863658456,0
32,8000,35,16,"heterogeneous","bonferroni","workability",-0.000551986755353467,0
33,4000,70,16,"heterogeneous","bonferroni","workability",0.00305630391397977,0
34,8000,70,16,"heterogeneous","bonferroni","workability",0.0015841900327258,0
35,4000,140,16,"heterogeneous","bonferroni","workability",0.00689276841889685,0
36,8000,140,16,"heterogeneous","bonferroni","workability",0.00351035648083759,0
1,4000,35,4,"null","naive","workability",0,0
2,8000,35,4,"null","naive","workability",0,0
3,4000,70,4,"null","naive","workability",0,0
4,8000,70,4,"null","naive","workability",0,0
5,4000,140,4,"null","naive","workability",0,0
6,8000,140,4,"null","naive","workability",0,0
7,4000,35,16,"null","naive","workability",0,0
8,8000,35,16,"null","naive","workability",0,0
9,4000,70,16,"null","naive","workability",0,0
10,8000,70,16,"null","naive","workability",0,0
11,4000,140,16,"null","naive","workability",0,0
12,8000,140,16,"null","naive","workability",0,0
13,4000,35,4,"homogeneous","naive","workability",0.000817906261501721,0
14,8000,35,4,"homogeneous","naive","workability",0.000418020564589795,0
15,4000,70,4,"homogeneous","naive","workability",0.00057629964246986,0
16,8000,70,4,"homogeneous","naive","workability",0.000265122593719264,0
17,4000,140,4,"homogeneous","naive","workability",0.00981997837880347,0
18,8000,140,4,"homogeneous","naive","workability",0.00536712802650258,0
19,4000,35,16,"homogeneous","naive","workability",0.0012855002712353,0
20,8000,35,16,"homogeneous","naive","workability",0.000653974408768968,0
21,4000,70,16,"homogeneous","naive","workability",0.00058080104552932,0
22,8000,70,16,"homogeneous","naive","workability",0.000260602757464451,0
23,4000,140,16,"homogeneous","naive","workability",0.00701964908332758,0.024
24,8000,140,16,"homogeneous","naive","workability",0.003878565402972,0
25,4000,35,4,"heterogeneous","naive","workability",-0.000866118617063949,0
26,8000,35,4,"heterogeneous","naive","workability",-0.000441605484716739,0
27,4000,70,4,"heterogeneous","naive","workability",0.000614315208938251,0
28,8000,70,4,"heterogeneous","naive","workability",0.000313457272485953,0
29,4000,140,4,"heterogeneous","naive","workability",0.00277801319090824,0
30,8000,140,4,"heterogeneous","naive","workability",0.00142495243673652,0
31,4000,35,16,"heterogeneous","naive","workability",-0.0011055863658456,0
32,8000,35,16,"heterogeneous","naive","workability",-0.000551986755353466,0
33,4000,70,16,"heterogeneous","naive","workability",0.00305630391397977,0
34,8000,70,16,"heterogeneous","naive","workability",0.00158419003272581,0
35,4000,140,16,"heterogeneous","naive","workability",0.00689276841889685,0
36,8000,140,16,"heterogeneous","naive","workability",0.0035103564808376,0
1,4000,35,4,"null","split","workability",0,0
2,8000,35,4,"null","split","workability",0,0
3,4000,70,4,"null","split","workability",0,0
4,8000,70,4,"null","split","workability",0,0
5,4000,140,4,"null","split","workability",0,0
6,8000,140,4,"null","split","workability",0,0
7,4000,35,16,"null","split","workability",0,0
8,8000,35,16,"null","split","workability",0,0
9,4000,70,16,"null","split","workability",0,0
10,8000,70,16,"null","split","workability",0,0
11,4000,140,16,"null","split","workability",0,0
12,8000,140,16,"null","split","workability",0,0
13,4000,35,4,"homogeneous","split","workability",0.000794935975321131,0
14,8000,35,4,"homogeneous","split","workability",0.000409624346601643,0
15,4000,70,4,"homogeneous","split","workability",0.00100792743977088,0
16,8000,70,4,"homogeneous","split","workability",0.000564286206603014,0
17,4000,140,4,"homogeneous","split","workability",0.00981997837880347,0
18,8000,140,4,"homogeneous","split","workability",0.00536712802650258,0
19,4000,35,16,"homogeneous","split","workability",0.00124653117022472,0
20,8000,35,16,"homogeneous","split","workability",0.000630510377302215,0
21,4000,70,16,"homogeneous","split","workability",0.000481657364925852,0
22,8000,70,16,"homogeneous","split","workability",0.000198853527004053,0
23,4000,140,16,"homogeneous","split","workability",0.00688811626318696,0.084
24,8000,140,16,"homogeneous","split","workability",0.00381777835391123,0
25,4000,35,4,"heterogeneous","split","workability",-0.000803277203207573,0
26,8000,35,4,"heterogeneous","split","workability",-0.00040040461630059,0
27,4000,70,4,"heterogeneous","split","workability",0.000652289816439316,0
28,8000,70,4,"heterogeneous","split","workability",0.000339540363942114,0
29,4000,140,4,"heterogeneous","split","workability",0.00277801319090824,0
30,8000,140,4,"heterogeneous","split","workability",0.00142495243673652,0
31,4000,35,16,"heterogeneous","split","workability",-0.00100344205477177,0
32,8000,35,16,"heterogeneous","split","workability",-0.00049345958379139,0
33,4000,70,16,"heterogeneous","split","workability",0.00287928135290073,0
34,8000,70,16,"heterogeneous","split","workability",0.00146642607033198,0
35,4000,140,16,"heterogeneous","split","workability",0.00689940001390125,0
36,8000,140,16,"heterogeneous","split","workability",0.00351196167600191,0
