"scenario","horizon","target_c120","shape","alpha_l_key","persistence","rd_itt","rd_pp","attenuation","c_true","c_obs","c_obs_mcse"
1,12,0.2,"early","neutral","transient",-0.0379335,-0.0392735,0.034119699033699,0.0407165,0.0408805784167848,0.000129571060437512
1,24,0.2,"early","neutral","transient",-0.0698105,-0.0731595,0.0457766933891016,0.0739715,0.0741818617640132,0.000173542196194625
1,36,0.2,"early","neutral","transient",-0.0976395,-0.1038415,0.0597256395564394,0.101362,0.101589638904699,0.000199158684333786
1,60,0.2,"early","neutral","transient",-0.14134,-0.1544405,0.0848255477028371,0.142844,0.143042291549412,0.000230890665779039
1,84,0.2,"early","neutral","transient",-0.173803,-0.1933005,0.100866267805826,0.1716125,0.171890826681776,0.000256164630280438
1,120,0.2,"early","neutral","transient",-0.2063635,-0.235158,0.122447460856105,0.1997465,0.199976847481215,0.000271121042229498
2,12,0.45,"early","neutral","transient",-0.0368455,-0.038947,0.0539579428454057,0.105067,0.105282638737991,0.000208901558120703
2,24,0.45,"early","neutral","transient",-0.066083,-0.0733795,0.0994351283396587,0.1854585,0.185902040188885,0.000253949443403233
2,36,0.45,"early","neutral","transient",-0.0895525,-0.1036505,0.136014780440036,0.2482785,0.249129036982295,0.000285892465064354
2,60,0.45,"early","neutral","transient",-0.124185,-0.1539,0.193079922027291,0.337689,0.338740498185105,0.000310171591617773
2,84,0.45,"early","neutral","transient",-0.1468055,-0.1928285,0.23867322517159,0.3957675,0.396747369235247,0.000325304996656672
2,120,0.45,"early","neutral","transient",-0.167535,-0.2350215,0.287150324544776,0.4493895,0.450285884857936,0.000327859761286622
3,12,0.7,"early","neutral","transient",-0.034897,-0.0389375,0.10376886035313,0.200236,0.200230119713558,0.000264466099412691
3,24,0.7,"early","neutral","transient",-0.059939,-0.0735125,0.184642067675566,0.339225,0.339170235836267,0.000328314601396313
3,36,0.7,"early","neutral","transient",-0.0779975,-0.103545,0.246728475542035,0.4380365,0.437921323423884,0.000355900583915543
3,60,0.7,"early","neutral","transient",-0.1015895,-0.1540045,0.340347197646822,0.5652425,0.56490285809561,0.000342721826968619
3,84,0.7,"early","neutral","transient",-0.1143445,-0.1932545,0.408321669094381,0.638945,0.638342998442874,0.000332646713721142
3,120,0.7,"early","neutral","transient",-0.1233805,-0.2354245,0.475923279013017,0.7003995,0.699830608345207,0.000314866951329239
4,12,0.2,"late","neutral","transient",-0.039129,-0.038932,-0.00506010479810959,0.009686,0.00960052227765395,6.60506654290339e-05
4,24,0.2,"late","neutral","transient",-0.0730835,-0.073491,0.00554489665401214,0.0209255,0.0206938714354941,9.59213981759023e-05
4,36,0.2,"late","neutral","transient",-0.102737,-0.1040365,0.0124908085143195,0.0341555,0.0337686404341451,0.000124275268151377
4,60,0.2,"late","neutral","transient",-0.1505215,-0.1537885,0.0212434609870051,0.066699,0.0664468914200286,0.000163071326596729
4,84,0.2,"late","neutral","transient",-0.1853495,-0.192962,0.0394507726909963,0.110229,0.109552620495895,0.000212274896494809
4,120,0.2,"late","neutral","transient",-0.219209,-0.2346995,0.0660014188355748,0.2003795,0.199536846226439,0.00025908699053893
5,12,0.45,"late","neutral","transient",-0.038406,-0.0389705,0.0144853158158089,0.0257595,0.0258207706480135,0.000106727240842268
5,24,0.45,"late","neutral","transient",-0.071397,-0.073431,0.0276994729746292,0.05534,0.0551038214486597,0.000158707336315074
5,36,0.45,"late","neutral","transient",-0.099382,-0.1039225,0.0436912122013999,0.0887045,0.0885801013442764,0.000196060811613358
5,60,0.45,"late","neutral","transient",-0.143105,-0.154126,0.0715064298041864,0.168703,0.168542490957622,0.000251544366462154
5,84,0.45,"late","neutral","transient",-0.1724895,-0.1928565,0.105607018690062,0.2677905,0.267705211145741,0.000299207315732111
5,120,0.45,"late","neutral","transient",-0.1951215,-0.235446,0.171268571137331,0.4500755,0.449792501951458,0.000335272856006796
6,12,0.7,"late","neutral","transient",-0.0381455,-0.039116,0.0248108191021579,0.0512435,0.0510557949430278,0.000147697999376786
6,24,0.7,"late","neutral","transient",-0.069565,-0.0731595,0.0491323751529189,0.1078735,0.107917813615599,0.000202460283466348
6,36,0.7,"late","neutral","transient",-0.0955595,-0.1035475,0.0771433400130375,0.1703725,0.170408510868544,0.000250822037513751
6,60,0.7,"late","neutral","transient",-0.1333255,-0.1540625,0.13460121703854,0.310912,0.310708558837305,0.000309987250386836
6,84,0.7,"late","neutral","transient",-0.154522,-0.193148,0.199981361443039,0.4662405,0.46624042367429,0.000324727391301717
6,120,0.7,"late","neutral","transient",-0.1653745,-0.234707,0.295400222404956,0.699993,0.700271985674859,0.00031546462272686
7,12,0.2,"early","prognostic","transient",-0.037769,-0.038979,0.031042356140486,0.0488885,0.0420106026522607,0.000134690319330248
7,24,0.2,"early","prognostic","transient",-0.0693745,-0.073578,0.0571298485960479,0.0879345,0.0760609380240739,0.000178662493900055
7,36,0.2,"early","prognostic","transient",-0.0957635,-0.103667,0.0762393046967694,0.1193855,0.103496521256686,0.000208183656999107
7,60,0.2,"early","prognostic","transient",-0.1371635,-0.1535095,0.106482009256756,0.1656215,0.144808723956704,0.000234804817601549
7,84,0.2,"early","prognostic","transient",-0.167103,-0.1924205,0.131573818797893,0.1975055,0.172823009471996,0.000251504869232313
7,120,0.2,"early","prognostic","transient",-0.1984955,-0.2342135,0.152501883964844,0.2280135,0.200009048866299,0.000268195576808229
8,12,0.45,"early","prognostic","transient",-0.0355335,-0.0388655,0.0857315614105056,0.1317445,0.114062109349728,0.000204957966672276
8,24,0.45,"early","prognostic","transient",-0.062425,-0.0736035,0.151874571182077,0.2250155,0.197448533288023,0.000263485328954749
8,36,0.45,"early","prognostic","transient",-0.0833655,-0.104197,0.199924182078179,0.294064,0.260326020610518,0.000292830360017405
8,60,0.45,"early","prognostic","transient",-0.1131895,-0.1543815,0.266819534724044,0.387265,0.346570834954644,0.000323959068878196
8,84,0.45,"early","prognostic","transient",-0.132796,-0.1937025,0.314433215885185,0.444582,0.401048938999389,0.000329220535757734
8,120,0.45,"early","prognostic","transient",-0.15152,-0.235376,0.356264020120998,0.495145,0.450077507106206,0.000328806073704255
9,12,0.7,"early","prognostic","transient",-0.0326385,-0.0387175,0.15700910441015,0.2604025,0.229604881805384,0.000282336856143559
9,24,0.7,"early","prognostic","transient",-0.053237,-0.0731495,0.272216488150979,0.4138235,0.372585606940064,0.000332913748938333
9,36,0.7,"early","prognostic","transient",-0.0670105,-0.103701,0.35381047434451,0.5129265,0.467689228274428,0.000345827068330751
9,60,0.7,"early","prognostic","transient",-0.0843795,-0.1533635,0.449807157504882,0.629035,0.583902017237433,0.000331779397187186
9,84,0.7,"early","prognostic","transient",-0.0942265,-0.1923225,0.510059925385745,0.6915305,0.647965632499046,0.000324743989712982
9,120,0.7,"early","prognostic","transient",-0.101412,-0.234205,0.566994726841869,0.741611,0.700409037988579,0.000311979029205833
10,12,0.2,"late","prognostic","transient",-0.038351,-0.039235,0.0225309035300117,0.011762,0.0100945363888281,6.91922473146736e-05
10,24,0.2,"late","prognostic","transient",-0.071583,-0.0736555,0.0281377493873505,0.0253225,0.0217007562491609,9.76752551255297e-05
10,36,0.2,"late","prognostic","transient",-0.1009145,-0.1040155,0.029812864428859,0.041197,0.0351754178142321,0.00012332258196448
10,60,0.2,"late","prognostic","transient",-0.147619,-0.154537,0.0447659783741111,0.0797645,0.0684682659205608,0.000170773626864723
10,84,0.2,"late","prognostic","transient",-0.182006,-0.193686,0.0603037906714994,0.129549,0.111706648654842,0.000207301212621814
10,120,0.2,"late","prognostic","transient",-0.2142245,-0.236081,0.0925805126206685,0.228504,0.200170638941504,0.000263938093700487
11,12,0.45,"late","prognostic","transient",-0.038069,-0.038871,0.0206323480229477,0.0332535,0.0286134314479471,0.000113867651496584
11,24,0.45,"late","prognostic","transient",-0.070439,-0.073102,0.0364285518864055,0.070359,0.0606948254169738,0.000157754741598202
11,36,0.45,"late","prognostic","transient",-0.097416,-0.1034815,0.058614341693926,0.1114765,0.0964431443926438,0.000195241317660516
11,60,0.45,"late","prognostic","transient",-0.1381095,-0.154433,0.105699559032072,0.205849,0.179835757875546,0.000256199739843182
11,84,0.45,"late","prognostic","transient",-0.164594,-0.1931655,0.147912023627408,0.314191,0.278806219285165,0.000296390155377855
11,120,0.45,"late","prognostic","transient",-0.1847975,-0.234613,0.212330518769207,0.49504,0.450142543819556,0.000334085513174216
12,12,0.7,"late","prognostic","transient",-0.0373665,-0.038838,0.0378881507801637,0.0723785,0.0621073191119691,0.000159113798704634
12,24,0.7,"late","prognostic","transient",-0.0674925,-0.0730195,0.0756921096419448,0.1474865,0.128311221908858,0.00021424988361652
12,36,0.7,"late","prognostic","transient",-0.091078,-0.103311,0.118409462690323,0.2260915,0.198268435670782,0.000265481254620475
12,60,0.7,"late","prognostic","transient",-0.122704,-0.1542315,0.204416737177555,0.386157,0.345363151255766,0.000323359182586631
12,84,0.7,"late","prognostic","transient",-0.1392795,-0.1934285,0.279943234838713,0.541533,0.495283905918688,0.000340969263003927
12,120,0.7,"late","prognostic","transient",-0.1469865,-0.235286,0.375285822360871,0.742391,0.700088095276617,0.00031042551279789
13,12,0.2,"early","neutral","legacy",-0.023421,-0.023629,0.00880274239282242,0.040449,0.0406132515085394,0.000136779975252442
13,24,0.2,"early","neutral","legacy",-0.056904,-0.058427,0.0260667157307408,0.073663,0.073789154639576,0.00017612740956128
13,36,0.2,"early","neutral","legacy",-0.084934,-0.0892485,0.0483425491744958,0.1011965,0.101140262495831,0.000199531960938265
13,60,0.2,"early","neutral","legacy",-0.129445,-0.1402085,0.0767678136489588,0.1429145,0.142871546668682,0.000232142745073165
13,84,0.2,"early","neutral","legacy",-0.1624075,-0.180108,0.0982771448242165,0.171787,0.171874543039037,0.000248195168894644
13,120,0.2,"early","neutral","legacy",-0.1965285,-0.2234205,0.120364962033475,0.20005,0.200002443967958,0.000267885726180426
14,12,0.45,"early","neutral","legacy",-0.0228535,-0.0238595,0.0421634988159856,0.1051405,0.104876481724495,0.000206015909280704
14,24,0.45,"early","neutral","legacy",-0.053702,-0.058672,0.084708208344696,0.1858365,0.185628275610071,0.000260165681459339
14,36,0.45,"early","neutral","legacy",-0.0784295,-0.089498,0.123673154707368,0.248646,0.248941953776759,0.000284128599807006
14,60,0.45,"early","neutral","legacy",-0.114696,-0.140679,0.184697076322692,0.3383895,0.338274564680005,0.000319038633950453
14,84,0.45,"early","neutral","legacy",-0.1387045,-0.18023,0.230402818620651,0.396324,0.396293340984897,0.000332247507093423
14,120,0.45,"early","neutral","legacy",-0.1610965,-0.2233105,0.278598632845298,0.449738,0.449837248942907,0.000339742038259532
15,12,0.7,"early","neutral","legacy",-0.022016,-0.0238015,0.0750162804865238,0.200153,0.200142486347775,0.000260255670224938
15,24,0.7,"early","neutral","legacy",-0.049648,-0.058448,0.150561182589653,0.338342,0.338714621588476,0.000317327462027957
15,36,0.7,"early","neutral","legacy",-0.0694485,-0.0891355,0.220865984933052,0.4377865,0.437562725311198,0.000334902633065649
15,60,0.7,"early","neutral","legacy",-0.0943295,-0.1404825,0.328532023561653,0.5646465,0.564453635977472,0.000333635417788838
15,84,0.7,"early","neutral","legacy",-0.1082915,-0.180236,0.399168312656739,0.638361,0.638175816453872,0.000323413235666087
15,120,0.7,"early","neutral","legacy",-0.1187395,-0.2235365,0.468813817877617,0.7000475,0.699948520501536,0.000306848505865927
16,12,0.2,"late","neutral","legacy",-0.0234285,-0.023463,0.00147040020457745,0.0096235,0.00964572274574303,6.32588786211432e-05
16,24,0.2,"late","neutral","legacy",-0.0578735,-0.058322,0.00769006549843954,0.0208545,0.0208383807561298,9.38450957599047e-05
16,36,0.2,"late","neutral","legacy",-0.088062,-0.089161,0.0123260169805183,0.0338865,0.0339476222028419,0.000125773127543885
16,60,0.2,"late","neutral","legacy",-0.1369325,-0.1408615,0.0278926463228064,0.066536,0.0666953649048307,0.000170330205689004
16,84,0.2,"late","neutral","legacy",-0.173047,-0.1807625,0.0426830786252678,0.109802,0.109856200265447,0.0002091309280141
16,120,0.2,"late","neutral","legacy",-0.2082945,-0.223391,0.0675788192004154,0.200285,0.200105943063869,0.000276654236082056
17,12,0.45,"late","neutral","legacy",-0.023759,-0.023661,-0.00414183677781987,0.0255225,0.0259677319774087,0.000111205637212601
17,24,0.45,"late","neutral","legacy",-0.057743,-0.0585965,0.0145657163823777,0.054961,0.055441328046395,0.000163437726821927
17,36,0.45,"late","neutral","legacy",-0.0869185,-0.0897125,0.0311439320050161,0.0885255,0.0887320087073754,0.000191962895489142
17,60,0.45,"late","neutral","legacy",-0.1318215,-0.1411225,0.0659072791369201,0.1685945,0.168818908801424,0.000257850968726661
17,84,0.45,"late","neutral","legacy",-0.162423,-0.180989,0.10258081982883,0.267882,0.267838640994437,0.000303612460688237
17,120,0.45,"late","neutral","legacy",-0.1879945,-0.2245865,0.162930541239122,0.450172,0.449820101819415,0.000337347790285775
18,12,0.7,"late","neutral","legacy",-0.0233505,-0.023828,0.0200394493872754,0.0512505,0.051221981851996,0.000147686879219132
18,24,0.7,"late","neutral","legacy",-0.056149,-0.0586485,0.0426183107837368,0.1082785,0.108010657491186,0.000210803759784038
18,36,0.7,"late","neutral","legacy",-0.0832765,-0.089248,0.0669090623879526,0.170992,0.170188989630477,0.000260394426400163
18,60,0.7,"late","neutral","legacy",-0.1229885,-0.140657,0.125614082484341,0.3114945,0.310413172594695,0.00030437463038786
18,84,0.7,"late","neutral","legacy",-0.1465685,-0.180419,0.187621591960936,0.4671975,0.466213705110271,0.000336978416718521
18,120,0.7,"late","neutral","legacy",-0.1598965,-0.223645,0.285043260524492,0.7004335,0.700293139981356,0.000313687221080452
19,12,0.2,"early","prognostic","legacy",-0.0231645,-0.0234655,0.0128273422684367,0.049181,0.042101415986659,0.000127400189563862
19,24,0.2,"early","prognostic","legacy",-0.055433,-0.0588275,0.0577026050741574,0.0882465,0.0759333710659857,0.000173855363731779
19,36,0.2,"early","prognostic","legacy",-0.0825635,-0.0899965,0.08259210080392,0.1196015,0.103549137515018,0.000201157712982295
19,60,0.2,"early","prognostic","legacy",-0.125801,-0.1415795,0.111446219261969,0.166273,0.144754560889094,0.00023380828444094
19,84,0.2,"early","prognostic","legacy",-0.15738,-0.181118,0.131063726410407,0.197834,0.172856771972125,0.000254416566316711
19,120,0.2,"early","prognostic","legacy",-0.1900825,-0.2240675,0.151673044952972,0.2280775,0.199968807621818,0.000271784681603206
20,12,0.45,"early","prognostic","legacy",-0.021882,-0.0234065,0.0651314805716363,0.131423,0.114139920797529,0.000207674907491454
20,24,0.45,"early","prognostic","legacy",-0.0507685,-0.0585795,0.133340161660649,0.225162,0.197401852761965,0.000271548555742128
20,36,0.45,"early","prognostic","legacy",-0.0729415,-0.089605,0.185966184922716,0.29407,0.2599954983955,0.000295913172114791
20,60,0.45,"early","prognostic","legacy",-0.104631,-0.1405085,0.255340424244797,0.386986,0.346382076093747,0.000318463698687343
20,84,0.45,"early","prognostic","legacy",-0.125799,-0.1801035,0.301518293647819,0.444163,0.400592840286738,0.000331235357302494
20,120,0.45,"early","prognostic","legacy",-0.1456615,-0.22324,0.347511646658305,0.4950225,0.44953039505673,0.000343621697277219
21,12,0.7,"early","prognostic","legacy",-0.0207845,-0.0237535,0.124992106426422,0.2602005,0.229144689375444,0.000290480914888587
21,24,0.7,"early","prognostic","legacy",-0.044701,-0.0587665,0.239345545506369,0.413961,0.372053471172611,0.000348569679626845
21,36,0.7,"early","prognostic","legacy",-0.0602665,-0.0901515,0.331497534705468,0.5133275,0.467298192277982,0.000351216376934679
21,60,0.7,"early","prognostic","legacy",-0.0792675,-0.1412585,0.438847927735322,0.629337,0.583230985235025,0.000350768083470099
21,84,0.7,"early","prognostic","legacy",-0.0896555,-0.181248,0.5053435072387,0.6919155,0.647445841580039,0.000346404374945702
21,120,0.7,"early","prognostic","legacy",-0.0977485,-0.224113,0.563842793590733,0.7418215,0.699786523057785,0.000329482897582455
22,12,0.2,"late","prognostic","legacy",-0.023518,-0.0234855,-0.00138383257754771,0.011895,0.0100735604157072,6.89381130510705e-05
22,24,0.2,"late","prognostic","legacy",-0.057641,-0.058149,0.00873617775026236,0.025473,0.0217636596224763,0.000101803780979288
22,36,0.2,"late","prognostic","legacy",-0.0874445,-0.089459,0.0225186957153557,0.0412175,0.035283810280161,0.000124846383465984
22,60,0.2,"late","prognostic","legacy",-0.1359285,-0.14069,0.0338439121472743,0.079534,0.0683766138513514,0.000170866424377749
22,84,0.2,"late","prognostic","legacy",-0.171184,-0.1804045,0.051110144148289,0.1291695,0.111829585577483,0.000209196425497633
22,120,0.2,"late","prognostic","legacy",-0.204899,-0.2231315,0.0817119053114416,0.228063,0.19989592675358,0.000270352287647875
23,12,0.45,"late","prognostic","legacy",-0.0235645,-0.023485,-0.00338513945071339,0.0332795,0.0284911468844161,0.000113537574183839
23,24,0.45,"late","prognostic","legacy",-0.0566445,-0.0584845,0.0314613273602409,0.070486,0.0605481712616207,0.000161197457989318
23,36,0.45,"late","prognostic","legacy",-0.084557,-0.089416,0.0543415048760848,0.111674,0.0964615323259877,0.000204355710086769
23,60,0.45,"late","prognostic","legacy",-0.127227,-0.140572,0.0949335571806619,0.20554,0.179610279788795,0.000251075639867142
23,84,0.45,"late","prognostic","legacy",-0.155828,-0.180466,0.136524331453016,0.314355,0.278438967821777,0.000302233854793841
23,120,0.45,"late","prognostic","legacy",-0.1780215,-0.223218,0.202476950783539,0.4957265,0.449992996059875,0.000339207146366899
24,12,0.7,"late","prognostic","legacy",-0.0229245,-0.0233815,0.0195453670637039,0.071888,0.062008857455831,0.000167566737600739
24,24,0.7,"late","prognostic","legacy",-0.0542275,-0.0584655,0.0724871933020327,0.1477365,0.127978504301337,0.000224008636740456
24,36,0.7,"late","prognostic","legacy",-0.0792415,-0.0896195,0.115800690697895,0.2259535,0.197801979789142,0.0002773744540531
24,60,0.7,"late","prognostic","legacy",-0.114129,-0.141013,0.190649089091077,0.3857795,0.344930270195381,0.000324449927553444
24,84,0.7,"late","prognostic","legacy",-0.1332545,-0.180553,0.261964630884006,0.5416935,0.494345346306975,0.000331159564933091
24,120,0.7,"late","prognostic","legacy",-0.143185,-0.2241195,0.361122079961806,0.742193,0.699716181969975,0.000311636302351013
