"scenario","horizon","method","target_c120","shape","alpha_l_key","persistence","truth_rd_itt","truth_rd_pp","bias","bias_mcse","rel_bias","empse","empse_mcse","modse","modse_mcse","relerror_modse","relerror_modse_mcse","coverage","coverage_mcse","converged","n_used","n_attempted"
1,12,"gformula",0.2,"early","neutral","transient",-0.0379335,-0.0392735,-0.000466458642067243,0.000217371145466128,0.012296746729599,0.00687387917272749,0.000153781520986187,0.0069168125185902,7.19165532426824e-06,0.624586856764164,2.25358989695224,0.95,0.00689202437604511,1,1000,1000
2,12,"gformula",0.45,"early","neutral","transient",-0.0368455,-0.038947,-0.000299320657730334,0.000214704708837402,0.00812366931457937,0.00678955904289474,0.000151895122129065,0.00686985355568769,7.61733384331782e-06,1.18261749085138,2.26642276372144,0.954,0.00662449998113065,1,1000,1000
3,12,"gformula",0.7,"early","neutral","transient",-0.034897,-0.0389375,-0.000329972713155574,0.000222533597802974,0.0094556183384123,0.0070371302496924,0.000157433752613695,0.00681384290046233,7.74501896216646e-06,-3.17298872277997,2.16899528394813,0.936,0.0077397674383666,1,1000,1000
4,12,"gformula",0.2,"late","neutral","transient",-0.039129,-0.038932,0.000264756075008685,0.000229312149316057,-0.00676623667890017,0.00725148686987362,0.000162229310734022,0.00691781927529614,7.53076275624314e-06,-4.60136797549359,2.13677083265582,0.936,0.0077397674383666,1,1000,1000
5,12,"gformula",0.45,"late","neutral","transient",-0.038406,-0.0389705,7.89889174168668e-05,0.000225466844295333,-0.00205668170121509,0.00712988764823793,0.000159508908937019,0.00691322967974612,7.54599221467987e-06,-3.03872906812714,2.17178515317995,0.947,0.00708456067798138,1,1000,1000
6,12,"gformula",0.7,"late","neutral","transient",-0.0381455,-0.039116,2.0520149637597e-05,0.000214137316091956,-0.000537944177887222,0.00677161650886008,0.000151493714116956,0.00690083926144705,7.45400712275292e-06,1.90829992244674,2.28253491524053,0.952,0.00675988165576884,1,1000,1000
7,12,"gformula",0.2,"early","prognostic","transient",-0.037769,-0.038979,0.0005922523738714,0.000218509554596817,-0.0156809122262014,0.00690987883034859,0.000154586900592788,0.00689305862818271,7.40794577042474e-06,-0.243422534299731,2.23431457186742,0.944,0.00727076337120113,1,1000,1000
8,12,"gformula",0.45,"early","prognostic","transient",-0.0355335,-0.0388655,-0.000299092477592931,0.000223639733051617,0.0084171972249548,0.0070721093175515,0.00015821629972034,0.00685075242350535,7.32138205392349e-06,-3.1299981958252,2.1696342064151,0.94,0.00750999334220744,1,1000,1000
9,12,"gformula",0.7,"early","prognostic","transient",-0.0326385,-0.0387175,-0.000160588576189856,0.00020426019184819,0.00492021925608885,0.00645927441543238,0.000144506037873549,0.00673899730252808,7.48914596965407e-06,4.33056205860201,2.33694758161567,0.96,0.00619677335393187,1,1000,1000
10,12,"gformula",0.2,"late","prognostic","transient",-0.038351,-0.039235,-0.00038656093041628,0.000217887929104898,0.0100795528256442,0.0068902213062877,0.000154147125049322,0.00692695643053346,7.81372854323128e-06,0.533148684386164,2.25197153266052,0.958,0.00634318531969546,1,1000,1000
11,12,"gformula",0.45,"late","prognostic","transient",-0.038069,-0.038871,-7.16078146276791e-05,0.000215540572093478,0.00188100067319024,0.00681599135991119,0.000152486462449695,0.00690702254057821,7.66872792077281e-06,1.33555305252342,2.26985581658564,0.96,0.00619677335393187,1,1000,1000
12,12,"gformula",0.7,"late","prognostic","transient",-0.0373665,-0.038838,7.13247701536607e-05,0.000214955865050015,-0.00190878916017451,0.0067975012996983,0.000152072805253924,0.00688768794016824,7.2629549571201e-06,1.3267616509899,2.26938568342116,0.953,0.00669260786241059,1,1000,1000
13,12,"gformula",0.2,"early","neutral","legacy",-0.023421,-0.023629,7.72979459186286e-05,0.000238928284156136,-0.00330036915241145,0.00755557575369312,0.000169032347257313,0.00743478966900205,7.19256241399102e-06,-1.59863508260145,2.20347968863415,0.948,0.00702111102319284,1,1000,1000
14,12,"gformula",0.45,"early","neutral","legacy",-0.0228535,-0.0238595,0.000153476318707275,0.000232936743908305,-0.00671565925163653,0.00736610661493596,0.000164793568598878,0.00743487940464618,7.41688371735436e-06,0.933638261096825,2.260317877407,0.951,0.00682634602111555,1,1000,1000
15,12,"gformula",0.7,"early","neutral","legacy",-0.022016,-0.0238015,0.000331740349935727,0.000226831930824168,-0.0150681481620515,0.00717305547458127,0.000160474653871711,0.0073995030437584,7.08719313307941e-06,3.15691925121144,2.3099270607782,0.956,0.00648567652600714,1,1000,1000
16,12,"gformula",0.2,"late","neutral","legacy",-0.0234285,-0.023463,-0.00036420461816887,0.000228856135646392,0.0155453664625934,0.00723706645147048,0.00016190669902969,0.00744492150942021,7.2589820615031e-06,2.8720899461617,2.30362556237392,0.953,0.00669260786241059,1,1000,1000
17,12,"gformula",0.45,"late","neutral","legacy",-0.023759,-0.023661,0.000422341025328815,0.000240490000471647,-0.017776043828815,0.00760496155985374,0.000170137200018858,0.00745473958410771,7.38746278530247e-06,-1.97531538540636,2.19514573846631,0.948,0.00702111102319284,1,1000,1000
18,12,"gformula",0.7,"late","neutral","legacy",-0.0233505,-0.023828,0.000498246575152957,0.000230332420199866,-0.0213377261794376,0.00728375066810554,0.000162951112185608,0.00742896680099021,7.46868261770958e-06,1.99369994253853,2.28409242753026,0.955,0.00655553201502365,1,1000,1000
19,12,"gformula",0.2,"early","prognostic","legacy",-0.0231645,-0.0234655,0.000281842961019095,0.000226355557970629,-0.0121670211322971,0.00715799124225468,0.000160137638846939,0.00743351112018491,7.37341623723362e-06,3.84912286988837,2.32558140053134,0.959,0.00627048642451286,1,1000,1000
20,12,"gformula",0.45,"early","prognostic","legacy",-0.021882,-0.0234065,-0.0010193377186825,0.000243882983304293,0.0465833890267113,0.00771225709798384,0.000172537601689306,0.00741035481445421,7.07964129390625e-06,-3.91457753150569,2.15156960586036,0.947,0.00708456067798138,1,1000,1000
21,12,"gformula",0.7,"early","prognostic","legacy",-0.0207845,-0.0237535,-0.000128507901996401,0.000240689286076867,0.0061828719476726,0.00761126352402752,0.00017027818673269,0.00737622313399971,7.18425728583783e-06,-3.08806007420217,2.17015486758446,0.943,0.00733150734842434,1,1000,1000
22,12,"gformula",0.2,"late","prognostic","legacy",-0.023518,-0.0234855,-4.34965820602373e-05,0.000244529308446468,0.00184950174590685,0.00773269569356689,0.000172994851262161,0.00745056576437323,7.38234868965528e-06,-3.64853267701164,2.15767547597397,0.949,0.00695693898205238,1,1000,1000
23,12,"gformula",0.45,"late","prognostic","legacy",-0.0235645,-0.023485,1.52777550008337e-05,0.000228537319976304,-0.00064833775385999,0.00722698461475817,0.000161681149504451,0.00745111983723779,7.09685102406915e-06,3.10136570682487,2.30865960706496,0.957,0.00641490451994416,1,1000,1000
24,12,"gformula",0.7,"late","prognostic","legacy",-0.0229245,-0.0233815,-6.05227900703983e-05,0.00023311646520703,0.00264009204433677,0.00737178990141609,0.0001649207143367,0.00743069539191998,7.24237499601554e-06,0.79906632299136,2.2572025098378,0.949,0.00695693898205238,1,1000,1000
1,24,"gformula",0.2,"early","neutral","transient",-0.0698105,-0.0731595,-0.000820812272427376,0.000293901285710961,0.0117577194322828,0.00929397470098537,0.000207923579919076,0.00920309348480245,6.34492864106942e-06,-0.977850909937195,2.2163621768517,0.938,0.00762600813007697,1,1000,1000
2,24,"gformula",0.45,"early","neutral","transient",-0.066083,-0.0733795,-0.000268112945537927,0.000286161290963551,0.00405721510128061,0.00904921457618981,0.00020244783859136,0.00911114442722653,6.5585455539171e-06,0.684367140543474,2.25366312198676,0.95,0.00689202437604511,1,1000,1000
3,24,"gformula",0.7,"early","neutral","transient",-0.059939,-0.0735125,-0.000350528907723635,0.000282161382868077,0.00584809402431864,0.00892272637605936,0.000199618061210338,0.00898788165420709,6.81253504841735e-06,0.730217148903578,2.25481619425742,0.953,0.00669260786241059,1,1000,1000
4,24,"gformula",0.2,"late","neutral","transient",-0.0730835,-0.073491,0.000435530766658448,0.000289544579426911,-0.00595935835938958,0.00915620355144569,0.000204841381877498,0.0092266016942153,6.5418589262118e-06,0.768857336712414,2.25551951503407,0.953,0.00669260786241059,1,1000,1000
5,24,"gformula",0.45,"late","neutral","transient",-0.071397,-0.073431,0.000185955328105461,0.000293857578146034,-0.00260452579387735,0.00929259254642386,0.00020789265853897,0.00920962494783881,6.60231553060464e-06,-0.892835860074204,2.21835051697358,0.949,0.00695693898205238,1,1000,1000
6,24,"gformula",0.7,"late","neutral","transient",-0.069565,-0.0731595,-0.000230088778143428,0.000283185190736415,0.00330753652186341,0.00895510202356286,0.000200342364939119,0.00918002335757666,6.63562192692796e-06,2.51165574018011,2.29457403254158,0.951,0.00682634602111555,1,1000,1000
7,24,"gformula",0.2,"early","prognostic","transient",-0.0693745,-0.073578,0.000765860297193735,0.000295358567756545,-0.0110395072713135,0.00934005800555851,0.000208954549549361,0.00917831718255727,6.54723193242455e-06,-1.73168970583462,2.19956299167659,0.95,0.00689202437604511,1,1000,1000
8,24,"gformula",0.45,"early","prognostic","transient",-0.062425,-0.0736035,-0.000692692329322259,0.000287437336452148,0.011096392940685,0.00908956667760929,0.000203350590498303,0.00908986230081206,6.5401491849805e-06,0.003252335488102,2.23841633705062,0.956,0.00648567652600714,1,1000,1000
9,24,"gformula",0.7,"early","prognostic","transient",-0.053237,-0.0731495,-8.57192707224008e-05,0.000272304264067602,0.00161014464981875,0.00861101691029568,0.000192644538029844,0.00888970568582275,6.78681185247604e-06,3.23642118498062,2.31093604811385,0.959,0.00627048642451286,1,1000,1000
10,24,"gformula",0.2,"late","prognostic","transient",-0.071583,-0.0736555,-0.000691789765003697,0.000292352035880899,0.00966416279009957,0.0092449831197091,0.000206827546704807,0.00922628739963477,6.55173197059624e-06,-0.202225572856563,2.23378713003593,0.946,0.00714730718522718,1,1000,1000
11,24,"gformula",0.45,"late","prognostic","transient",-0.070439,-0.073102,0.000292991877266197,0.000293924366937023,-0.00415951216323623,0.00929470459344081,0.000207939908977114,0.0091882653107374,6.69971805835709e-06,-1.14516046888165,2.21274181814491,0.951,0.00682634602111555,1,1000,1000
12,24,"gformula",0.7,"late","prognostic","transient",-0.0674925,-0.0730195,0.000700094029909892,0.000289131417218132,-0.0103729159522894,0.00914313821521723,0.000204549085893393,0.00913701184770956,6.40474735520994e-06,-0.0670050847255022,2.23678497106465,0.951,0.00682634602111555,1,1000,1000
13,24,"gformula",0.2,"early","neutral","legacy",-0.056904,-0.058427,6.74558746593945e-05,0.000313749390804091,-0.00118543291612882,0.00992162689431216,0.000221965332256397,0.00957538568974998,6.40969555464905e-06,-3.48976239734105,2.1600806324067,0.941,0.00745110730026082,1,1000,1000
14,24,"gformula",0.45,"early","neutral","legacy",-0.053702,-0.058672,0.000207453309369159,0.000297885278347967,-0.00386304624351344,0.00941995961012815,0.000210742097740302,0.00953250578416107,6.56722862101335e-06,1.19476280887567,2.26498910817084,0.959,0.00627048642451286,1,1000,1000
15,24,"gformula",0.7,"early","neutral","legacy",-0.049648,-0.058448,0.000339772752955401,0.000281807049508764,-0.00684363424418711,0.0089115213713953,0.000199367384319371,0.00944125741744739,6.48154649847551e-06,5.94439517086798,2.37128976164658,0.96,0.00619677335393187,1,1000,1000
16,24,"gformula",0.2,"late","neutral","legacy",-0.0578735,-0.058322,-7.86139770696873e-05,0.00029839109551367,0.00135837606278672,0.00943595495336049,0.000211099943455822,0.00960236404210364,6.31600268543925e-06,1.76356383180793,2.27762484098127,0.953,0.00669260786241059,1,1000,1000
17,24,"gformula",0.45,"late","neutral","legacy",-0.057743,-0.0585965,0.000987346207067502,0.000305402489310766,-0.0170989766217118,0.00965767469307249,0.000216060228318095,0.00960495596976745,6.86146812957199e-06,-0.545873877309733,2.22610865869038,0.946,0.00714730718522718,1,1000,1000
18,24,"gformula",0.7,"late","neutral","legacy",-0.056149,-0.0586485,0.000740355932218585,0.00029390655712861,-0.0131855586425152,0.00929414139784806,0.000207927309239369,0.00956206764851215,6.39366476179292e-06,2.88274343153556,2.30270700962773,0.95,0.00689202437604511,1,1000,1000
19,24,"gformula",0.2,"early","prognostic","legacy",-0.055433,-0.0588275,0.00012428790242467,0.000286506135107569,-0.00224212837884781,0.00906011950551847,0.000202691802236381,0.00956517646721925,6.59284865068343e-06,5.57450662094632,2.36301966602994,0.965,0.00581162627841812,1,1000,1000
20,24,"gformula",0.45,"early","prognostic","legacy",-0.0507685,-0.0585795,-0.000882004963416422,0.000301839011642297,0.0173730751039803,0.00954498763483739,0.000213539208268803,0.0094945217077059,6.21598640987622e-06,-0.528716527062767,2.22631115277168,0.956,0.00648567652600714,1,1000,1000
21,24,"gformula",0.7,"early","prognostic","legacy",-0.044701,-0.0587665,-0.000627621875573803,0.000302209693322758,0.0140404437389276,0.00955670961880896,0.000213801450952858,0.0093923924448724,6.54560059356958e-06,-1.71939067409939,2.19978740780809,0.937,0.00768316341099159,1,1000,1000
22,24,"gformula",0.2,"late","prognostic","legacy",-0.057641,-0.058149,-0.000563042344004498,0.000312682830599312,0.00976808771541955,0.00988789929922417,0.000221210782934027,0.00960516534335099,6.35423612373051e-06,-2.85939356092924,2.17416680189122,0.94,0.00750999334220744,1,1000,1000
23,24,"gformula",0.45,"late","prognostic","legacy",-0.0566445,-0.0584845,-0.000440686289379891,0.00029576192798003,0.00777986016965267,0.00935281337579578,0.000209239911015069,0.00959823504061962,6.35536753479447e-06,2.62404107686967,2.29689690977222,0.961,0.00612200947402077,1,1000,1000
24,24,"gformula",0.7,"late","prognostic","legacy",-0.0542275,-0.0584655,-0.000686056808789831,0.000295969121639617,0.0126514556044411,0.00935936541460617,0.000209386492365788,0.00954587675881216,6.4886394587157e-06,1.99277767181656,2.28282197254,0.949,0.00695693898205238,1,1000,1000
1,36,"gformula",0.2,"early","neutral","transient",-0.0976395,-0.1038415,-0.0010153965238676,0.000338698874305855,0.0103994441170592,0.0107105988374158,0.000239616108823331,0.0106621602719319,5.75023482726832e-06,-0.452248900544194,2.22771621652736,0.942,0.00739161687318817,1,1000,1000
2,36,"gformula",0.45,"early","neutral","transient",-0.0895525,-0.1036505,-0.000254320929339288,0.000334653869772827,0.0028399087612215,0.0105826845627151,0.00023675442748954,0.0105485146209457,6.20699061970399e-06,-0.322885384770355,2.2307345025006,0.949,0.00695693898205238,1,1000,1000
3,36,"gformula",0.7,"early","neutral","transient",-0.0779975,-0.103545,-0.000253346877627056,0.000326326617804067,0.00324814099973789,0.0103193537340011,0.000230863224815676,0.0103831107943286,6.0997343441884e-06,0.617839662937958,2.25178503022618,0.958,0.00634318531969546,1,1000,1000
4,36,"gformula",0.2,"late","neutral","transient",-0.102737,-0.1040365,0.000411400909781381,0.000343855705844264,-0.00400440843884269,0.0108736721691275,0.000243264363957404,0.0107010683128368,5.90623908424971e-06,-1.5873557120907,2.20234465345292,0.942,0.00739161687318817,1,1000,1000
5,36,"gformula",0.45,"late","neutral","transient",-0.099382,-0.1039225,-1.32721187494494e-05,0.000335592788258064,0.000133546504894744,0.0106123757722209,0.000237418675324423,0.010673418345804,5.91442752023288e-06,0.575201772847689,2.25074528659971,0.956,0.00648567652600714,1,1000,1000
6,36,"gformula",0.7,"late","neutral","transient",-0.0955595,-0.1035475,-0.000100949263574415,0.000327926092161985,0.00105640217429366,0.0103699335543016,0.000231994789904554,0.0106269276522402,5.91695531138621e-06,2.47826176120438,2.29334012346738,0.965,0.00581162627841812,1,1000,1000
7,36,"gformula",0.2,"early","prognostic","transient",-0.0957635,-0.103667,0.000621011564813506,0.000336905591601795,-0.00648484615551339,0.0106538902590817,0.000238347431965613,0.0106442998750304,5.94132305426217e-06,-0.0900176725877055,2.23586855773774,0.957,0.00641490451994416,1,1000,1000
8,36,"gformula",0.45,"early","prognostic","transient",-0.0833655,-0.104197,-0.000483187260978665,0.000328840982061521,0.00579600987193342,0.0103988649132098,0.000232642038461781,0.0105245438949883,5.87166029466944e-06,1.20858365626815,2.26492906084604,0.947,0.00708456067798138,1,1000,1000
9,36,"gformula",0.7,"early","prognostic","transient",-0.0670105,-0.103701,-0.000420265291939628,0.000327718755555607,0.00627163342968084,0.0103633769951168,0.000231848107424611,0.0102882520800006,6.22417604662697e-06,-0.724907673932174,2.22178122402626,0.949,0.00695693898205238,1,1000,1000
10,36,"gformula",0.2,"late","prognostic","transient",-0.1009145,-0.1040155,-0.000708455474285441,0.000338602080651154,0.0070203536090992,0.0107075379532968,0.000239547631126304,0.0106956841036172,5.91116481230071e-06,-0.110705651768384,2.23539194657881,0.944,0.00727076337120113,1,1000,1000
11,36,"gformula",0.45,"late","prognostic","transient",-0.097416,-0.1034815,0.000459169317043553,0.000348672539293819,-0.00471348974545817,0.0110259938172303,0.000246672083839549,0.0106541744175441,5.97084013860979e-06,-3.37220758372949,2.16242242732167,0.941,0.00745110730026082,1,1000,1000
12,36,"gformula",0.7,"late","prognostic","transient",-0.091078,-0.103311,0.00102825426633088,0.000334764828670212,-0.0112898204432561,0.0105861933911391,0.000236832926537656,0.0105891992774212,6.17030989995321e-06,0.0283944017554827,2.23858102247248,0.949,0.00695693898205238,1,1000,1000
13,36,"gformula",0.2,"early","neutral","legacy",-0.084934,-0.0892485,-0.000451101504858997,0.000351652040099109,0.00531120051874393,0.0111202139055805,0.000248779963266851,0.0109586937220005,5.7689172928298e-06,-1.45249169621617,2.20530217073271,0.945,0.00720936890441875,1,1000,1000
14,36,"gformula",0.45,"early","neutral","legacy",-0.0784295,-0.089498,0.000276210643550448,0.000345512203792128,-0.00352176978752189,0.0109260552336739,0.000244436270989437,0.01088378938931,6.0090855434555e-06,-0.386835353290349,2.22921116016907,0.95,0.00689202437604511,1,1000,1000
15,36,"gformula",0.7,"early","neutral","legacy",-0.0694485,-0.0891355,0.000300412309874987,0.000334247239555974,-0.0043256846422167,0.010569825786208,0.000236466752632362,0.0107541203112642,6.09090576018445e-06,1.7435909425924,2.27692355984487,0.961,0.00612200947402077,1,1000,1000
16,36,"gformula",0.2,"late","neutral","legacy",-0.088062,-0.089161,0.000294472430739393,0.000348794597806114,-0.00334392167722051,0.0110298536462969,0.000246758435427888,0.0109991908248967,5.64685267212616e-06,-0.277998442984217,2.23155485074121,0.953,0.00669260786241059,1,1000,1000
17,36,"gformula",0.45,"late","neutral","legacy",-0.0869185,-0.0897125,0.00129764595436443,0.000352072596709917,-0.0149294563799932,0.0111335130733324,0.000249077490499052,0.0109925643495335,6.18649659642822e-06,-1.26598606271525,2.2095631841858,0.937,0.00768316341099159,1,1000,1000
18,36,"gformula",0.7,"late","neutral","legacy",-0.0832765,-0.089248,0.000926953855795637,0.000345637053685707,-0.0111310376372162,0.0109300033339673,0.000244524597370054,0.0109392959639465,5.87708934012435e-06,0.0850194615252153,2.23973443033016,0.954,0.00662449998113065,1,1000,1000
19,36,"gformula",0.2,"early","prognostic","legacy",-0.0825635,-0.0899965,-0.00025777267325218,0.000334968605380295,0.00312211416972608,0.0105926373765186,0.000236977090531229,0.0109581180004484,5.93491676124722e-06,3.45032696710594,2.31505521125719,0.959,0.00627048642451286,1,1000,1000
20,36,"gformula",0.45,"early","prognostic","legacy",-0.0729415,-0.089605,-0.000893107932918857,0.000345684176273921,0.0122441673521775,0.0109314934810473,0.000244557934744584,0.0108531854068682,5.92219947094608e-06,-0.716352933062836,2.22182128787314,0.951,0.00682634602111555,1,1000,1000
21,36,"gformula",0.7,"early","prognostic","legacy",-0.0602665,-0.0901515,-0.000621412882183696,0.000341574703289184,0.0103110829761757,0.0108015405349003,0.000241650644521269,0.0106972501639297,6.21069784277207e-06,-0.965513860116429,2.21633246511558,0.946,0.00714730718522718,1,1000,1000
22,36,"gformula",0.2,"late","prognostic","legacy",-0.0874445,-0.089459,-0.000254592601726028,0.000348427007999249,0.00291147644192634,0.0110182294359533,0.000246498380122583,0.0110037402564452,5.75134056027464e-06,-0.131501885963858,2.23485457738901,0.957,0.00641490451994416,1,1000,1000
23,36,"gformula",0.45,"late","prognostic","legacy",-0.084557,-0.089416,-0.000705934838184916,0.00034002649111557,0.00834862682196525,0.0107525817672021,0.000240555345408053,0.010981019143232,5.83222101044981e-06,2.1244886202747,2.28535938353973,0.948,0.00702111102319284,1,1000,1000
24,36,"gformula",0.7,"late","prognostic","legacy",-0.0792415,-0.0896195,-0.000524198369966186,0.000342577410150104,0.00661519998947756,0.0108332489099601,0.000242360020118682,0.0109165430664194,5.93071931798168e-06,0.768875128334701,2.25505264584141,0.956,0.00648567652600714,1,1000,1000
1,60,"gformula",0.2,"early","neutral","transient",-0.14134,-0.1544405,-0.00129832500618632,0.000383862596656727,0.00918582854242478,0.0121388011398179,0.000271567662934257,0.0124554131832336,5.19965462968517e-06,2.60826452109089,2.29593821957816,0.952,0.00675988165576884,1,1000,1000
2,60,"gformula",0.45,"early","neutral","transient",-0.124185,-0.1539,0.000238864457001747,0.000387661875195363,-0.00192345659300034,0.0122589448762928,0.000274255502808628,0.0123360822950608,5.50757063235351e-06,0.629233751733094,2.25171222929059,0.957,0.00641490451994416,1,1000,1000
3,60,"gformula",0.7,"early","neutral","transient",-0.1015895,-0.1540045,0.00013634579061246,0.000377291674402635,-0.00134212483192122,0.0119310103333097,0.000266918994334064,0.0121502480909236,5.45713436819416e-06,1.83754561842737,2.27875526235696,0.958,0.00634318531969546,1,1000,1000
4,60,"gformula",0.2,"late","neutral","transient",-0.1505215,-0.1537885,0.000986389480337468,0.000398204510491907,-0.00655314676200721,0.0125923322770684,0.000281714001900716,0.0124956393483434,5.26703933502515e-06,-0.767871483991245,2.22040213216219,0.949,0.00695693898205238,1,1000,1000
5,60,"gformula",0.45,"late","neutral","transient",-0.143105,-0.154126,-0.000168089079463501,0.000392622659186113,0.00117458565014151,0.0124158186402015,0.000277765062027013,0.012458008693155,5.22207151787178e-06,0.339808869444558,2.24518300557138,0.948,0.00702111102319284,1,1000,1000
6,60,"gformula",0.7,"late","neutral","transient",-0.1333255,-0.1540625,-0.000249076689660066,0.000382670890502471,0.00186818492831503,0.012101116082327,0.000270724577783387,0.0124011939551236,5.29377619226875e-06,2.47975369176692,2.29308089543608,0.959,0.00627048642451286,1,1000,1000
7,60,"gformula",0.2,"early","prognostic","transient",-0.1371635,-0.1535095,0.000673766037360357,0.000395518554835107,-0.00491213797665091,0.0125073949013714,0.000279813794100281,0.0124670462165457,5.40837809338815e-06,-0.322598631800164,2.23038892553002,0.951,0.00682634602111555,1,1000,1000
8,60,"gformula",0.45,"early","prognostic","transient",-0.1131895,-0.1543815,-0.000569008226337542,0.000404303788797834,0.00502704072672414,0.0127852083923683,0.00028602900099037,0.012357988937309,5.18223227511104e-06,-3.34151342667431,2.16281079787745,0.949,0.00695693898205238,1,1000,1000
9,60,"gformula",0.7,"early","prognostic","transient",-0.0843795,-0.1533635,-0.000145359699807446,0.000389794648914764,0.00172268975056081,0.0123263891031633,0.000275764356183741,0.0121331050788152,5.53321386308542e-06,-1.56805064914338,2.20256410525635,0.943,0.00733150734842434,1,1000,1000
10,60,"gformula",0.2,"late","prognostic","transient",-0.147619,-0.154537,-0.00057877949282506,0.000385200289410004,0.00392076557099737,0.0121811026989165,0.000272514027852057,0.0125041712776299,5.27776028464051e-06,2.65221127100526,2.29693045583684,0.963,0.00596917079668525,1,1000,1000
11,60,"gformula",0.45,"late","prognostic","transient",-0.1381095,-0.154433,0.000869292669587851,0.000405464642164744,-0.00629422791037438,0.0128219177990574,0.000286850259009794,0.0124702774193228,5.15386198642156e-06,-2.74249441655622,2.17620337684352,0.936,0.0077397674383666,1,1000,1000
12,60,"gformula",0.7,"late","prognostic","transient",-0.122704,-0.1542315,0.000523203470039216,0.000395105061367099,-0.00426394795637645,0.0124943190898064,0.000279521263763324,0.0124017426187752,5.57766917638416e-06,-0.740948509204331,2.22105912536635,0.949,0.00695693898205238,1,1000,1000
13,60,"gformula",0.2,"early","neutral","legacy",-0.129445,-0.1402085,-0.000862203854421567,0.000402395411775732,0.00666077372182446,0.0127248602121265,0.000284678899437358,0.0126736698368277,5.08884626716672e-06,-0.402286346926117,2.22854580600134,0.944,0.00727076337120113,1,1000,1000
14,60,"gformula",0.45,"early","neutral","legacy",-0.114696,-0.140679,0.000214796940850095,0.000400481922815395,-0.00187275005972393,0.012664350378204,0.000283325181389455,0.0125733213309047,5.29416428106515e-06,-0.718781813364444,2.22149971939675,0.956,0.00648567652600714,1,1000,1000
15,60,"gformula",0.7,"early","neutral","legacy",-0.0943295,-0.1404825,-0.000148582432835359,0.000390580759472608,0.00157514280087734,0.0123512481017183,0.000276320498430632,0.0124180057529061,5.37012729521693e-06,0.540493160189115,2.24969887094431,0.955,0.00655553201502365,1,1000,1000
16,60,"gformula",0.2,"late","neutral","legacy",-0.1369325,-0.1408615,0.000360419742710727,0.000414650940305932,-0.00263209787822998,0.0131124140529726,0.000293349203004201,0.0127136157523236,4.93337569308856e-06,-3.04137971114913,2.16947176966825,0.943,0.00733150734842434,1,1000,1000
17,60,"gformula",0.45,"late","neutral","legacy",-0.1318215,-0.1411225,0.000954615410600823,0.000405880007482647,-0.00724172771968778,0.0128350528037135,0.000287144113606802,0.0126904404576371,5.31452043582506e-06,-1.12669848958117,2.21236801079225,0.939,0.00756828910652864,1,1000,1000
18,60,"gformula",0.7,"late","neutral","legacy",-0.1229885,-0.140657,0.000751536605559086,0.000393972391296068,-0.00611062502233205,0.0124585009171867,0.000278719944315311,0.0126268645627378,5.14850350245466e-06,1.35139569897071,2.26779665604368,0.956,0.00648567652600714,1,1000,1000
19,60,"gformula",0.2,"early","prognostic","legacy",-0.125801,-0.1415795,0.000172262680854074,0.0003965107650084,-0.00136932680069375,0.0125387713420234,0.000280515743704769,0.0126897541005068,5.08080313571928e-06,1.20412721761141,2.26448799453347,0.954,0.00662449998113065,1,1000,1000
20,60,"gformula",0.45,"early","prognostic","legacy",-0.104631,-0.1405085,-0.0012384600351411,0.000390368602221337,0.011836454159294,0.0123445391003569,0.00027617040553436,0.0125847197305555,5.20968451891469e-06,1.94564275139004,2.28110493715263,0.951,0.00682634602111555,1,1000,1000
21,60,"gformula",0.7,"early","prognostic","legacy",-0.0792675,-0.1412585,-0.000491481471901381,0.000397534471421952,0.00620028980226929,0.0125711437812448,0.000281239975658287,0.0124162181233856,5.34979185429242e-06,-1.23239110581445,2.21002572607854,0.95,0.00689202437604511,1,1000,1000
22,60,"gformula",0.2,"late","prognostic","legacy",-0.1359285,-0.14069,0.000125447252260158,0.000389578919814026,-0.00092289146323367,0.0123195671500042,0.000275611736344704,0.0127261533267114,5.04176289793171e-06,3.30032842677421,2.31138369567906,0.959,0.00627048642451286,1,1000,1000
23,60,"gformula",0.45,"late","prognostic","legacy",-0.127227,-0.140572,-0.000762871972299628,0.000392145944285348,0.00599614839852884,0.0124007435913919,0.000277427805017306,0.0126962576298093,5.17310824184366e-06,2.38303482560938,2.29087964185288,0.958,0.00634318531969546,1,1000,1000
24,60,"gformula",0.7,"late","prognostic","legacy",-0.114129,-0.141013,-0.000426158453435244,0.000398256219459593,0.00373400672427905,0.0125939674582019,0.000281750583958018,0.0126378044691072,5.3527291535401e-06,0.348079436054038,2.24537633358684,0.955,0.00655553201502365,1,1000,1000
1,84,"gformula",0.2,"early","neutral","transient",-0.173803,-0.1933005,-0.000963781351721399,0.00042055058454876,0.00554525153030384,0.013298977184893,0.000297522968859802,0.0134914573836744,4.94129430509029e-06,1.44733084436053,2.26987046465201,0.955,0.00655553201502365,1,1000,1000
2,84,"gformula",0.45,"early","neutral","transient",-0.1468055,-0.1928285,-0.000421049789116196,0.000425271170134637,0.00286807911908066,0.0134482552083043,0.000300862597170565,0.0134024347800871,5.09603376736827e-06,-0.340716527962004,2.22988638198889,0.945,0.00720936890441875,1,1000,1000
3,84,"gformula",0.7,"early","neutral","transient",-0.1143445,-0.1932545,0.000165984466742194,0.00041899463876552,-0.00145161740828981,0.0132497738589852,0.000296422198522481,0.0132514809495804,5.04120783781546e-06,0.012883922498097,2.23779855714222,0.96,0.00619677335393187,1,1000,1000
4,84,"gformula",0.2,"late","neutral","transient",-0.1853495,-0.192962,0.000959100432911614,0.000428893740886671,-0.0051745509586571,0.0135628109539197,0.000303425423248209,0.0135115099273625,4.84047008827423e-06,-0.378247744744575,2.22901047555968,0.952,0.00675988165576884,1,1000,1000
5,84,"gformula",0.45,"late","neutral","transient",-0.1724895,-0.1928565,-0.000181188844763952,0.000430437017125365,0.00105043405403779,0.0136116136336506,0.000304517230381945,0.0134818185279546,4.90395577767596e-06,-0.95356148939707,2.21614676789264,0.944,0.00727076337120113,1,1000,1000
6,84,"gformula",0.7,"late","neutral","transient",-0.154522,-0.193148,-0.000869153607908568,0.000422888584850827,0.00562478875440758,0.0133729112461399,0.000299177011956217,0.0134321076504023,4.95380157197212e-06,0.442659067818951,2.24739527419605,0.943,0.00733150734842434,1,1000,1000
7,84,"gformula",0.2,"early","prognostic","transient",-0.167103,-0.1924205,-8.85630340904942e-06,0.000438634263455089,5.29990688919374e-05,0.0138708333230844,0.000310316459188419,0.0135448039889922,4.92068997527585e-06,-2.35046681405688,2.18489053171057,0.94,0.00750999334220744,1,1000,1000
8,84,"gformula",0.45,"early","prognostic","transient",-0.132796,-0.1937025,-0.000923861160767009,0.00043604094331536,0.0069569953972033,0.0137888253396491,0.000308481787366469,0.0134921627998228,4.73861754188064e-06,-2.15147072008548,2.18932416452377,0.935,0.0077958322198467,1,1000,1000
9,84,"gformula",0.7,"early","prognostic","transient",-0.0942265,-0.1923225,0.000764409905974442,0.000423477774513191,-0.00811247266930685,0.0133915430592089,0.000299593840428246,0.0133206272526243,4.98237061048575e-06,-0.529556648333962,2.22565067454994,0.943,0.00733150734842434,1,1000,1000
10,84,"gformula",0.2,"late","prognostic","transient",-0.182006,-0.193686,2.32761149704386e-06,0.000418549118073712,-1.27886525556512e-05,0.0132356852576768,0.000296107010186558,0.013541635623169,4.97556740814778e-06,2.31155667074217,2.28920937092447,0.956,0.00648567652600714,1,1000,1000
11,84,"gformula",0.45,"late","prognostic","transient",-0.164594,-0.1931655,0.00119455571386823,0.00043757564727503,-0.00725758966832465,0.0138373569401155,0.000309567529950543,0.0135391146373871,4.81409351588234e-06,-2.15534154404713,2.18924428906251,0.942,0.00739161687318817,1,1000,1000
12,84,"gformula",0.7,"late","prognostic","transient",-0.1392795,-0.1934285,0.000185755128470161,0.00043339549901225,-0.00133368606629232,0.0137051690454396,0.000306610239752621,0.0135050004009102,5.20875442273283e-06,-1.46053393333425,2.20483956278686,0.956,0.00648567652600714,1,1000,1000
13,84,"gformula",0.2,"early","neutral","legacy",-0.1624075,-0.180108,-0.0016212602243402,0.000447364929520705,0.00998266843797361,0.0141469212256613,0.000316493061441279,0.0136508831189582,4.85621383311239e-06,-3.50633257081635,2.15901654557956,0.945,0.00720936890441875,1,1000,1000
14,84,"gformula",0.45,"early","neutral","legacy",-0.1387045,-0.18023,-0.000273653932372164,0.000435017940036083,0.0019729275717238,0.0137564751354857,0.000307758052852747,0.0135805614207957,4.8132641948478e-06,-1.27877027332567,2.20885550762462,0.944,0.00727076337120113,1,1000,1000
15,84,"gformula",0.7,"early","neutral","legacy",-0.1082915,-0.180236,-0.000247144207930067,0.000424101079517896,0.0022822124352333,0.0134112536941273,0.000300034804160834,0.0134489559837577,5.03038655046741e-06,0.281124274361466,2.2437896582267,0.957,0.00641490451994416,1,1000,1000
16,84,"gformula",0.2,"late","neutral","legacy",-0.173047,-0.1807625,0.000231470032369785,0.000437430112027229,-0.00133761366778843,0.0138327547114866,0.000309464569496818,0.0136772534590079,4.72324610430203e-06,-1.12415246075028,2.21230098081752,0.942,0.00739161687318817,1,1000,1000
17,84,"gformula",0.45,"late","neutral","legacy",-0.162423,-0.180989,0.00050521047522209,0.000436385887091563,-0.0031104614200088,0.0137997334196241,0.000308725821497335,0.0136623454086915,4.82394361023736e-06,-0.995584528736237,2.21518959943442,0.944,0.00727076337120113,1,1000,1000
18,84,"gformula",0.7,"late","neutral","legacy",-0.1465685,-0.180419,0.000361813388193077,0.000413561557116145,-0.00246856171819373,0.0130779647317283,0.000292578507319164,0.0136110348667325,4.71137122133772e-06,4.07609399428104,2.32865536912473,0.956,0.00648567652600714,1,1000,1000
19,84,"gformula",0.2,"early","prognostic","legacy",-0.15738,-0.181118,0.000166316271382083,0.000429915877887183,-0.00105678149308733,0.0135951337639432,0.000304148544903836,0.0137085087190603,4.88514717665712e-06,0.833937768364001,2.25612976529768,0.947,0.00708456067798138,1,1000,1000
20,84,"gformula",0.45,"early","prognostic","legacy",-0.125799,-0.1801035,-0.00110515478516685,0.000428034383664263,0.00878508402425175,0.0135356356924544,0.000302817461872062,0.0136566680762742,4.63540655964078e-06,0.894175837542788,2.25745100856971,0.946,0.00714730718522718,1,1000,1000
21,84,"gformula",0.7,"early","prognostic","legacy",-0.0896555,-0.181248,-0.000188766449705516,0.000436110798888617,0.00210546424598062,0.0137910343668366,0.000308531207432236,0.0135170931555422,4.93874471355537e-06,-1.98637175434124,2.1930404127344,0.942,0.00739161687318817,1,1000,1000
22,84,"gformula",0.2,"late","prognostic","legacy",-0.171184,-0.1804045,0.00019102169670096,0.000427069967243741,-0.00111588522701281,0.0135051381674372,0.000302135175252585,0.0137070434655448,4.64666004916608e-06,1.49502578651435,2.27089403547001,0.95,0.00689202437604511,1,1000,1000
23,84,"gformula",0.45,"late","prognostic","legacy",-0.155828,-0.180466,-0.000485867721753241,0.000420711063065157,0.00311797444460072,0.0133040519611664,0.000297636501087294,0.0137050116116533,4.78740453809235e-06,3.01381602881092,2.30489246372493,0.96,0.00619677335393187,1,1000,1000
24,84,"gformula",0.7,"late","prognostic","legacy",-0.1332545,-0.180553,-0.000367568041240746,0.000424555873549499,0.00275839120810739,0.0134256355441885,0.000300356553019292,0.0136758033008591,4.92376380534517e-06,1.86335876500756,2.2791687524555,0.945,0.00720936890441875,1,1000,1000
1,120,"gformula",0.2,"early","neutral","transient",-0.2063635,-0.235158,-0.000623860248286978,0.000457674892914445,0.00302311333296333,0.0144729508948331,0.000323786954329415,0.0143454479008795,4.82758405510794e-06,-0.880974411369628,2.21772866716893,0.939,0.00756828910652864,1,1000,1000
2,120,"gformula",0.45,"early","neutral","transient",-0.167535,-0.2350215,-0.00079863003112246,0.00045662726408421,0.00476694440637753,0.0144398219623731,0.000323045798208638,0.0143436509851701,4.72022612460089e-06,-0.666012208831357,2.22252732082168,0.947,0.00708456067798138,1,1000,1000
3,120,"gformula",0.7,"early","neutral","transient",-0.1233805,-0.2354245,0.000113994483521257,0.000453875281279454,-0.000923926256752542,0.0143527966249266,0.000321098878802496,0.0142843692213639,4.74088000262303e-06,-0.476753104993244,2.22676599186401,0.95,0.00689202437604511,1,1000,1000
4,120,"gformula",0.2,"late","neutral","transient",-0.219209,-0.2346995,0.000770180750950478,0.000451937910867322,-0.00351345405959827,0.014291531593189,0.000319728265568378,0.0143270899611201,4.54085610374653e-06,0.248807258335271,2.24297818691211,0.95,0.00689202437604511,1,1000,1000
5,120,"gformula",0.45,"late","neutral","transient",-0.1951215,-0.235446,-0.000510219212492419,0.0004584916136201,0.00261487951093252,0.014498777871254,0.00032436475204984,0.0143462686882148,4.58874424225644e-06,-1.0518761263429,2.21388065294856,0.946,0.00714730718522718,1,1000,1000
6,120,"gformula",0.7,"late","neutral","transient",-0.1653745,-0.234707,-0.000702270205493349,0.000456682075179198,0.00424654469397247,0.0144415552413851,0.000323084574898782,0.0143400716684613,4.76491522788513e-06,-0.702719140892649,2.2217107233484,0.937,0.00768316341099159,1,1000,1000
7,120,"gformula",0.2,"early","prognostic","transient",-0.1984955,-0.2342135,2.50126807217754e-05,0.00046007021190808,-0.000126011323792103,0.0145486975322585,0.000325481548141755,0.0144526117548005,4.66834570383913e-06,-0.660442470846423,2.22264315173234,0.944,0.00727076337120113,1,1000,1000
8,120,"gformula",0.45,"early","prognostic","transient",-0.15152,-0.235376,-0.000605748680311602,0.0004541165789791,0.00399781336002905,0.014360427128177,0.000321269587417857,0.0145274399122426,4.342682719285e-06,1.1630070789324,2.26340751855322,0.952,0.00675988165576884,1,1000,1000
9,120,"gformula",0.7,"early","prognostic","transient",-0.101412,-0.234205,0.000807268123731428,0.00046311328083214,-0.00796028205470189,0.0146449278210276,0.000327634399508501,0.0144479532673618,4.3872086931191e-06,-1.34500187418454,2.20729994254812,0.937,0.00768316341099159,1,1000,1000
10,120,"gformula",0.2,"late","prognostic","transient",-0.2142245,-0.236081,-0.000473121583749209,0.000450592541378204,0.00220853162803138,0.0142489872743879,0.000318776469662434,0.0143974133693478,4.73524049095373e-06,1.04166066052036,2.26073501027941,0.956,0.00648567652600714,1,1000,1000
11,120,"gformula",0.45,"late","prognostic","transient",-0.1847975,-0.234613,0.00125119492694409,0.000453184016475222,-0.00677062691294032,0.0143309369124497,0.000320609836189361,0.0144716221676097,4.54779875505477e-06,0.981689166726829,2.2593719444318,0.958,0.00634318531969546,1,1000,1000
12,120,"gformula",0.7,"late","prognostic","transient",-0.1469865,-0.235286,0.000494737602529438,0.000481749196287876,-0.003365871032574,0.0152342472122522,0.000340818575437682,0.014503246372912,4.79188094719209e-06,-4.79840473346348,2.13006982854507,0.944,0.00727076337120113,1,1000,1000
13,120,"gformula",0.2,"early","neutral","legacy",-0.1965285,-0.2234205,-0.000923376669262677,0.000454317972947314,0.00469843645711781,0.0143667957646427,0.000321412065715439,0.0144519572800129,4.61996602323823e-06,0.592766242141018,2.25067787910553,0.952,0.00675988165576884,1,1000,1000
14,120,"gformula",0.45,"early","neutral","legacy",-0.1610965,-0.2233105,0.00011255751675468,0.000468717028295379,-0.000698696227135164,0.0148221338751899,0.000331598830050886,0.0144670236503582,4.56163476805354e-06,-2.39581039964899,2.18380496438486,0.946,0.00714730718522718,1,1000,1000
15,120,"gformula",0.7,"early","neutral","legacy",-0.1187395,-0.2235365,0.000104864684388889,0.000460685687185952,-0.000883149115407164,0.0145681605694745,0.000325916972651101,0.0144041859009634,4.51522111981957e-06,-1.12556878906643,2.21222289937376,0.949,0.00695693898205238,1,1000,1000
16,120,"gformula",0.2,"late","neutral","legacy",-0.2082945,-0.223391,-0.000402321418522922,0.000438506978674725,0.00193150284103959,0.0138668082249101,0.000310226410221336,0.0144432064855249,4.49539229562358e-06,4.15667579204939,2.33040495249412,0.965,0.00581162627841812,1,1000,1000
17,120,"gformula",0.45,"late","neutral","legacy",-0.1879945,-0.2245865,0.00117778985151021,0.000468645825822867,-0.00626502292093763,0.0148198822553081,0.000331548457106964,0.014469174459045,4.58291187743222e-06,-2.36646816905381,2.1844634333529,0.94,0.00750999334220744,1,1000,1000
18,120,"gformula",0.7,"late","neutral","legacy",-0.1598965,-0.223645,-0.000225985431974191,0.000442734622072637,0.00141332319327934,0.0140004980476339,0.000313217301356054,0.014458323237289,4.48310352444322e-06,3.27006359414828,2.3105661761501,0.955,0.00655553201502365,1,1000,1000
19,120,"gformula",0.2,"early","prognostic","legacy",-0.1900825,-0.2240675,0.000867167971456362,0.000464320977237868,-0.00456206106009949,0.0146831185346686,0.00032848879713227,0.0145601998258285,4.60997760173531e-06,-0.83714306705287,2.21868055206754,0.947,0.00708456067798138,1,1000,1000
20,120,"gformula",0.45,"early","prognostic","legacy",-0.1456615,-0.22324,-0.000124273303122591,0.000467819965315425,0.000853165065048696,0.0147937662529771,0.000330964193336883,0.014624442946568,4.22947716322003e-06,-1.14455848168544,2.211765723085,0.945,0.00720936890441875,1,1000,1000
21,120,"gformula",0.7,"early","prognostic","legacy",-0.0977485,-0.224113,0.000271231928860763,0.000466598433257512,-0.00277479377034699,0.014755138017598,0.000330100007534318,0.0145647186926688,4.35068241610237e-06,-1.29052893102115,2.20851214916842,0.941,0.00745110730026082,1,1000,1000
22,120,"gformula",0.2,"late","prognostic","legacy",-0.204899,-0.2231315,6.2881280432775e-05,0.000461215167555805,-0.000306889152376414,0.0145849042089254,0.000326291559151226,0.0145099461426428,4.48567968985795e-06,-0.513942808323054,2.22590147765937,0.951,0.00682634602111555,1,1000,1000
23,120,"gformula",0.45,"late","prognostic","legacy",-0.1780215,-0.223218,-0.000408334288937107,0.000446407505450229,0.00229373580683854,0.0141166448181675,0.00031581572163396,0.0145782053976446,4.56161228493226e-06,3.26961955494582,2.31056031785674,0.949,0.00695693898205238,1,1000,1000
24,120,"gformula",0.7,"late","prognostic","legacy",-0.143185,-0.2241195,-2.72550812426553e-05,0.00045842781246978,0.000190348718389882,0.0144967603017304,0.000324319615249755,0.0146098076935766,4.51282276105872e-06,0.77981141643575,2.25484758509066,0.956,0.00648567652600714,1,1000,1000
1,12,"iptw",0.2,"early","neutral","transient",-0.0379335,-0.0392735,-0.000466347732629921,0.00022003230120983,0.0122938229435702,0.00695803230631285,0.000155664183825223,0.00704530828699115,9.96736100363703e-06,1.25431985417928,2.26977322073749,0.954,0.00662449998113065,1,1000,1000
2,12,"iptw",0.45,"early","neutral","transient",-0.0368455,-0.038947,-0.000294499407458147,0.000216284607083999,0.0079928188641258,0.00683951981220026,0.000153012837890483,0.00700614185447399,1.01580210531882e-05,2.4361657959747,2.29649600720024,0.954,0.00662449998113065,1,1000,1000
3,12,"iptw",0.7,"early","neutral","transient",-0.034897,-0.0389375,-0.000282339346799797,0.000225435151251623,0.00809064810155018,0.00712888542619686,0.000159486487357301,0.0069417249447755,1.03908860056204e-05,-2.62538209316133,2.18332292898094,0.94,0.00750999334220744,1,1000,1000
4,12,"iptw",0.2,"late","neutral","transient",-0.039129,-0.038932,0.00024775163958983,0.00023033158017881,-0.00633166295049273,0.00728372410430733,0.000162950517903807,0.00706006503343677,1.04943628929799e-05,-3.07066917510365,2.17327146887025,0.934,0.00785136930732467,1,1000,1000
5,12,"iptw",0.45,"late","neutral","transient",-0.038406,-0.0389705,8.53788244786699e-05,0.000228843255202,-0.00222305953441311,0.00723665913605497,0.000161897586622773,0.00703870931669041,9.99698117957376e-06,-2.73537575340975,2.18037202252415,0.94,0.00750999334220744,1,1000,1000
6,12,"iptw",0.7,"late","neutral","transient",-0.0381455,-0.039116,1.52767866322123e-05,0.000217597753344012,-0.000400487256221896,0.00688104514302597,0.000153941837131431,0.00704256579376227,1.04049334302849e-05,2.34732729373237,2.29468851010276,0.957,0.00641490451994416,1,1000,1000
7,12,"iptw",0.2,"early","prognostic","transient",-0.037769,-0.038979,0.000618509228897883,0.000220662334562901,-0.0163761081547799,0.00697795571028864,0.000156109907599183,0.00700453344213897,9.93226080588504e-06,0.380881349119844,2.25021418789931,0.946,0.00714730718522718,1,1000,1000
8,12,"iptw",0.45,"early","prognostic","transient",-0.0355335,-0.0388655,-0.000247286269196172,0.000225315288817229,0.0069592432267064,0.0071250950432111,0.000159401689407552,0.00694524108427245,9.97614040242987e-06,-2.52423241862608,2.18520527863267,0.935,0.0077958322198467,1,1000,1000
9,12,"iptw",0.7,"early","prognostic","transient",-0.0326385,-0.0387175,-8.58575253973037e-06,0.000204895144037493,0.000263055978054456,0.00647935336666748,0.000144955241530342,0.00679534616207858,9.80176721590566e-06,4.87691869124938,2.35116435781042,0.957,0.00641490451994416,1,1000,1000
10,12,"iptw",0.2,"late","prognostic","transient",-0.038351,-0.039235,-0.000382878411634646,0.000220552343659149,0.00998353137166296,0.00697447749251106,0.000156032093368424,0.00706821833744412,1.05899644967207e-05,1.34405545123224,2.27233454070727,0.959,0.00627048642451286,1,1000,1000
11,12,"iptw",0.45,"late","prognostic","transient",-0.038069,-0.038871,-7.15470868718482e-05,0.000217401491527186,0.0018794054709041,0.00687483879943705,0.00015380298962875,0.00704415176030333,1.02421779009121e-05,2.46279172218766,2.29712029227396,0.959,0.00627048642451286,1,1000,1000
12,12,"iptw",0.7,"late","prognostic","transient",-0.0373665,-0.038838,9.47974215558464e-05,0.000217763709916935,-0.00253696282916105,0.00688629315065712,0.00015405924486808,0.00700016481048473,9.97921287304441e-06,1.65359878437272,2.27879333890394,0.955,0.00655553201502365,1,1000,1000
13,12,"iptw",0.2,"early","neutral","legacy",-0.023421,-0.023629,6.81260786091348e-05,0.000240752125980014,-0.00290876045468318,0.00761325069624642,0.000170322643488272,0.00758350420978429,9.82396700550101e-06,-0.390719912544102,2.23217854341168,0.944,0.00727076337120113,1,1000,1000
14,12,"iptw",0.45,"early","neutral","legacy",-0.0228535,-0.0238595,0.000122189928455814,0.000235350108143895,-0.00534666149411749,0.00744242389301652,0.000166500928708919,0.00758298880767454,1.01872531080178e-05,1.88869804620941,2.28354671754267,0.955,0.00655553201502365,1,1000,1000
15,12,"iptw",0.7,"early","neutral","legacy",-0.022016,-0.0238015,0.000281197719677093,0.000228713810390883,-0.012772425494054,0.00723256573171075,0.000161806009519037,0.0075410090420822,9.85271711248556e-06,4.26464579532411,2.33656949672229,0.966,0.00573096850453743,1,1000,1000
16,12,"iptw",0.2,"late","neutral","legacy",-0.0234285,-0.023463,-0.00039311113648462,0.000229932076011102,0.0167791850303955,0.00727109067326047,0.000162667884445633,0.00757809880704207,1.0111190550817e-05,4.22231199661174,2.33579097302544,0.96,0.00619677335393187,1,1000,1000
17,12,"iptw",0.45,"late","neutral","legacy",-0.023759,-0.023661,0.00042709820501145,0.000243076279202922,-0.017976270255964,0.00768674687440253,0.000171966890321758,0.00760048272408081,9.82641437710751e-06,-1.12224523236205,2.21577085553824,0.944,0.00727076337120113,1,1000,1000
18,12,"iptw",0.7,"late","neutral","legacy",-0.0233505,-0.023828,0.000506329958101848,0.000233369556934552,-0.0216839021906104,0.00737979336457527,0.000165099766762099,0.00755658564614806,1.0207433423899e-05,2.39562644696043,2.29495340858049,0.959,0.00627048642451286,1,1000,1000
19,12,"iptw",0.2,"early","prognostic","legacy",-0.0231645,-0.0234655,0.000260092624062801,0.000227451463692334,-0.0112280698509703,0.00719264682406868,0.00016091294896632,0.00755386305191322,9.80971281200145e-06,5.02202091496848,2.3534939389852,0.962,0.00604615580348373,1,1000,1000
20,12,"iptw",0.45,"early","prognostic","legacy",-0.021882,-0.0234065,-0.000956551688060529,0.000244824653088409,0.0437140886601101,0.00774203531119949,0.000173203795959744,0.00754603462828299,1.0124268928016e-05,-2.53164284374899,2.1844669699904,0.942,0.00739161687318817,1,1000,1000
21,12,"iptw",0.7,"early","prognostic","legacy",-0.0207845,-0.0237535,-9.08348929716044e-05,0.000243356951835629,0.00437031889011544,0.00769562252236481,0.000172165455150885,0.00748502982144941,9.85882705784692e-06,-2.73652586653492,2.17973360356276,0.944,0.00727076337120113,1,1000,1000
22,12,"iptw",0.2,"late","prognostic","legacy",-0.023518,-0.0234855,-3.41633924822934e-06,0.000247221427179596,0.000145264871512431,0.00781782796284979,0.000174899419196272,0.00758929289969181,1.00733293164642e-05,-2.9232552090424,2.17560712609134,0.949,0.00695693898205238,1,1000,1000
23,12,"iptw",0.45,"late","prognostic","legacy",-0.0235645,-0.023485,6.27940806666519e-06,0.000231980680610969,-0.000266477458323545,0.00733587323886723,0.000164117191484942,0.00759568582176245,9.97781249310986e-06,3.54167219682411,2.32041042612841,0.959,0.00627048642451286,1,1000,1000
24,12,"iptw",0.7,"late","prognostic","legacy",-0.0229245,-0.0233815,9.21525036971099e-06,0.000235847161589168,-0.000401982611167571,0.00745814210307548,0.000166852574437526,0.00755820390356079,9.78604284959737e-06,1.34164513229167,2.27099571619223,0.949,0.00695693898205238,1,1000,1000
1,24,"iptw",0.2,"early","neutral","transient",-0.0698105,-0.0731595,-0.000841768732753226,0.000298789780847599,0.0120579100959487,0.00944856249060969,0.00021138199762136,0.00944603245344501,9.08718676335754e-06,-0.0267769532899087,2.23865465927634,0.951,0.00682634602111555,1,1000,1000
2,24,"iptw",0.45,"early","neutral","transient",-0.066083,-0.0733795,-0.000344516450550822,0.000289361054457516,0.0052133899876038,0.00915039998233769,0.000204711545192541,0.00935746162149642,9.09353317452656e-06,2.26286981507255,2.2899688743261,0.952,0.00675988165576884,1,1000,1000
3,24,"iptw",0.7,"early","neutral","transient",-0.059939,-0.0735125,-0.000324255789793788,0.000288292563705991,0.00540976308903699,0.00911661133800126,0.000203955630084412,0.00922396183909222,9.53602287751307e-06,1.17752635393684,2.2659458859052,0.953,0.00669260786241059,1,1000,1000
4,24,"iptw",0.2,"late","neutral","transient",-0.0730835,-0.073491,0.000397280648884848,0.000292628150287694,-0.00543598279891971,0.00925371462391168,0.000207022886768696,0.00947583125922655,9.10585794291897e-06,2.40029700873754,2.29299837843673,0.957,0.00641490451994416,1,1000,1000
5,24,"iptw",0.45,"late","neutral","transient",-0.071397,-0.073431,8.42285889980088e-05,0.000299745642080963,-0.00117972168295599,0.00947878947685455,0.000212058231782997,0.00945847067026538,9.13910438083022e-06,-0.214360775062872,2.2344723278482,0.943,0.00733150734842434,1,1000,1000
6,24,"iptw",0.7,"late","neutral","transient",-0.069565,-0.0731595,-0.000287893422705063,0.000286336631091434,0.00413848088413804,0.00905475931788316,0.00020257188482343,0.00943137283934667,9.42756929832125e-06,4.15928804114865,2.33256276650664,0.96,0.00619677335393187,1,1000,1000
7,24,"iptw",0.2,"early","prognostic","transient",-0.0693745,-0.073578,0.000784166209850029,0.00029814938007942,-0.0113033781843477,0.00942831124018202,0.000210928939309687,0.00938912206151865,9.16927079333975e-06,-0.415654274292065,2.23000952799906,0.946,0.00714730718522718,1,1000,1000
8,24,"iptw",0.45,"early","prognostic","transient",-0.062425,-0.0736035,-0.000567297503716049,0.00029019174511696,0.00908766525776611,0.00917666872748638,0.000205299226104855,0.00924533186387044,9.13737625735779e-06,0.748235971277844,2.25612461028242,0.958,0.00634318531969546,1,1000,1000
9,24,"iptw",0.7,"early","prognostic","transient",-0.053237,-0.0731495,0.000165193236262344,0.000273999566079006,-0.0031029779338119,0.0086646270670747,0.000193843897407951,0.00897731851534115,9.3933539574256e-06,3.60882754498073,2.32045688335784,0.96,0.00619677335393187,1,1000,1000
10,24,"iptw",0.2,"late","prognostic","transient",-0.071583,-0.0736555,-0.000749218530754894,0.000293894860688797,0.010466431006732,0.00929377152394481,0.000207919034469041,0.00947942311413616,9.190205164767e-06,1.99759150214773,2.28401831573321,0.951,0.00682634602111555,1,1000,1000
11,24,"iptw",0.45,"late","prognostic","transient",-0.070439,-0.073102,0.000237053905325496,0.000294039969535147,-0.00336537863009833,0.00929836026857586,0.00020802169326054,0.00941715916069797,9.0937100441042e-06,1.2776327082485,2.26787958567327,0.952,0.00675988165576884,1,1000,1000
12,24,"iptw",0.7,"late","prognostic","transient",-0.0674925,-0.0730195,0.000762371445032467,0.000292485437789439,-0.011295646850131,0.00924920165846112,0.000206921923299059,0.00933966621316589,9.16078911632088e-06,0.978079601302784,2.26123846699827,0.951,0.00682634602111555,1,1000,1000
13,24,"iptw",0.2,"early","neutral","legacy",-0.056904,-0.058427,-1.51141068787525e-06,0.000318780023902052,2.65607108089984e-05,0.010080709480934,0.000225524306966076,0.00984130006255154,8.86052417525098e-06,-2.37492627711646,2.18582325127622,0.948,0.00702111102319284,1,1000,1000
14,24,"iptw",0.45,"early","neutral","legacy",-0.053702,-0.058672,0.000133442081302775,0.000301730515596889,-0.00248486241299718,0.00954155668863127,0.000213462451591425,0.00979195444262829,8.98226075282835e-06,2.62428618482515,2.29782619515604,0.965,0.00581162627841812,1,1000,1000
15,24,"iptw",0.7,"early","neutral","legacy",-0.049648,-0.058448,0.000252945697353207,0.000283930245182683,-0.00509478120675974,0.00897866271387328,0.000200869461604681,0.00968405837891916,9.08833285963769e-06,7.85635553450454,2.41507035429101,0.967,0.00564898220921256,1,1000,1000
16,24,"iptw",0.2,"late","neutral","legacy",-0.0578735,-0.058322,-0.000166158485525002,0.000302894780764867,0.00287106336276537,0.00957837398594337,0.00021428612332568,0.00985391872655772,8.77601321227486e-06,2.87673817099563,2.30336787091078,0.957,0.00641490451994416,1,1000,1000
17,24,"iptw",0.45,"late","neutral","legacy",-0.057743,-0.0585965,0.000969896563830459,0.000309062668600716,-0.0167967816675694,0.00977341972508068,0.000218649660954536,0.00986348359685255,9.16604085745379e-06,0.921518509439845,2.25974994737143,0.954,0.00662449998113065,1,1000,1000
18,24,"iptw",0.7,"late","neutral","legacy",-0.056149,-0.0586485,0.000670877251148047,0.00029811961803577,-0.0119481602726326,0.00942737008172445,0.00021090788383643,0.00981320116467648,8.8813275601931e-06,4.09266931930452,2.33065228997401,0.954,0.00662449998113065,1,1000,1000
19,24,"iptw",0.2,"early","prognostic","legacy",-0.055433,-0.0588275,9.67404714314196e-05,0.000288754928210711,-0.0017451783492039,0.00913123258744254,0.000204282734754323,0.00979128353033038,8.8020905154989e-06,7.2284977582934,2.40083780666735,0.967,0.00564898220921256,1,1000,1000
20,24,"iptw",0.45,"early","prognostic","legacy",-0.0507685,-0.0585795,-0.000772878684072685,0.000306161389428697,0.0152235871470042,0.0096816732219648,0.000216597120250838,0.00969905864480777,9.19454273756319e-06,0.179570436270571,2.24321536733532,0.954,0.00662449998113065,1,1000,1000
21,24,"iptw",0.7,"early","prognostic","legacy",-0.044701,-0.0587665,-0.000501501030301915,0.000306282091205658,0.0112190114382657,0.00968549014729305,0.000216682512002384,0.00954100004096307,8.92513844128303e-06,-1.49182028098354,2.20573776054603,0.937,0.00768316341099159,1,1000,1000
22,24,"iptw",0.2,"late","prognostic","legacy",-0.057641,-0.058149,-0.00056489138667417,0.000315514221771968,0.00980016631693014,0.00997743574974905,0.000223213880631765,0.00985890619669906,9.04332903724097e-06,-1.18797610952268,2.21246695787635,0.945,0.00720936890441875,1,1000,1000
23,24,"iptw",0.45,"late","prognostic","legacy",-0.0566445,-0.0584845,-0.000532930567481313,0.000299635227858874,0.0094083373934153,0.00947529787257578,0.000211980118071193,0.00984134347593759,8.95711098041775e-06,3.86315668683355,2.3255349878017,0.966,0.00573096850453743,1,1000,1000
24,24,"iptw",0.7,"late","prognostic","legacy",-0.0542275,-0.0584655,-0.00058798190596001,0.000299426297333898,0.0108428731909089,0.00946869090925921,0.000211832307956643,0.00976607924530181,8.5963357318908e-06,3.14075450231244,2.30923671848336,0.952,0.00675988165576884,1,1000,1000
1,36,"iptw",0.2,"early","neutral","transient",-0.0976395,-0.1038415,-0.00109139967162335,0.000344606545244416,0.0111778498622314,0.0108974157957422,0.000243795553249911,0.0110125677131055,8.13344494368074e-06,1.05669013206129,2.26205863085693,0.95,0.00689202437604511,1,1000,1000
2,36,"iptw",0.45,"early","neutral","transient",-0.0895525,-0.1036505,-0.000398262530524954,0.000339093433500057,0.00444725195304379,0.0107230758946702,0.000239895243907582,0.0108888338273385,8.23398202042182e-06,1.54580583310637,2.27306678250989,0.948,0.00702111102319284,1,1000,1000
3,36,"iptw",0.7,"early","neutral","transient",-0.0779975,-0.103545,-0.000291527941364139,0.000334424292835325,0.00373765750651161,0.0105754247025076,0.000236592010851598,0.0107032299357889,8.70872650229526e-06,1.20851159056585,2.26572050977346,0.961,0.00612200947402077,1,1000,1000
4,36,"iptw",0.2,"late","neutral","transient",-0.102737,-0.1040365,0.00023845168501678,0.000347563181518738,-0.00232099131779962,0.0109909128441375,0.000245887256922417,0.011061865423653,8.3171605199976e-06,0.645556747848608,2.25290041791699,0.954,0.00662449998113065,1,1000,1000
5,36,"iptw",0.45,"late","neutral","transient",-0.099382,-0.1039225,-0.000186860866039154,0.000340586883046857,0.00188022847235067,0.0107703029160546,0.000240951800619976,0.0110248394396124,8.33320571344503e-06,2.36331814937545,2.29136536947999,0.957,0.00641490451994416,1,1000,1000
6,36,"iptw",0.7,"late","neutral","transient",-0.0955595,-0.1035475,-0.000234196385168112,0.00033146690444495,0.00245079123653966,0.0104819038701143,0.000234499775086618,0.0109795278180227,8.42528668536868e-06,4.74745765725992,2.34477446461963,0.963,0.00596917079668525,1,1000,1000
7,36,"iptw",0.2,"early","prognostic","transient",-0.0957635,-0.103667,0.000630416974769718,0.00033902495487824,-0.00658306113257888,0.0107209104105105,0.000239846797980707,0.0109415529872834,8.42000577535733e-06,2.05805820890494,2.28457983052183,0.958,0.00634318531969546,1,1000,1000
8,36,"iptw",0.45,"early","prognostic","transient",-0.0833655,-0.104197,-0.000313268646966333,0.000332364920098052,0.00375777326311644,0.0105103016184972,0.000235135085779338,0.010733175301007,8.21242816470428e-06,2.12052603816373,2.28596277772176,0.953,0.00669260786241059,1,1000,1000
9,36,"iptw",0.7,"early","prognostic","transient",-0.0670105,-0.103701,-0.000146668406196246,0.000329520157683909,0.00218873767836751,0.0104203423321899,0.000233122528455075,0.0104053854721443,8.75148932941195e-06,-0.143535208044987,2.23555381311231,0.952,0.00675988165576884,1,1000,1000
10,36,"iptw",0.2,"late","prognostic","transient",-0.1009145,-0.1040155,-0.000817468423750467,0.000339060125195387,0.00810060421198606,0.0107220225935927,0.000239871679594376,0.0110413322971741,8.18959679157816e-06,2.97807340727203,2.30507774711922,0.949,0.00695693898205238,1,1000,1000
11,36,"iptw",0.45,"late","prognostic","transient",-0.097416,-0.1034815,0.000422835538866517,0.00034866946928117,-0.00434051427759831,0.0110258967349061,0.000246669911926559,0.0109697149355965,8.36059199106016e-06,-0.50954403673773,2.22707863738723,0.944,0.00727076337120113,1,1000,1000
12,36,"iptw",0.7,"late","prognostic","transient",-0.091078,-0.103311,0.00116763004891414,0.00033703951275938,-0.0128201107722407,0.0106581252179302,0.000238442175908105,0.0108528717610015,8.48605751701535e-06,1.82721200107192,2.27945597971766,0.954,0.00662449998113065,1,1000,1000
13,36,"iptw",0.2,"early","neutral","legacy",-0.084934,-0.0892485,-0.000640023988278421,0.000357429197182882,0.0075355451088895,0.0113029036534335,0.000252867074283419,0.0113274991971795,7.76774707277768e-06,0.217603763600827,2.24310806195511,0.953,0.00669260786241059,1,1000,1000
14,36,"iptw",0.45,"early","neutral","legacy",-0.0784295,-0.089498,0.000186127849541778,0.00034973685595071,-0.00237318674149113,0.0110596504651046,0.000247425045940184,0.0112385570255443,8.18047882345582e-06,1.61765112744068,2.27457970886946,0.953,0.00669260786241059,1,1000,1000
15,36,"iptw",0.7,"early","neutral","legacy",-0.0694485,-0.0891355,0.000161991273740572,0.000336570922142257,-0.00233253812163794,0.0106433070815273,0.000238110666508978,0.0110878616558965,8.40246010961673e-06,4.17684626558172,2.33196739937794,0.966,0.00573096850453743,1,1000,1000
16,36,"iptw",0.2,"late","neutral","legacy",-0.088062,-0.089161,9.83582946344347e-05,0.000351211898829652,-0.00111692097197923,0.0111062954165432,0.000248468580660292,0.01136166765208,8.02764029773037e-06,2.2993466854518,2.28976863318002,0.949,0.00695693898205238,1,1000,1000
17,36,"iptw",0.45,"late","neutral","legacy",-0.0869185,-0.0897125,0.00119553973398989,0.000356367978230459,-0.0137547211927253,0.0112693449635755,0.000252116303686646,0.0113586213329253,8.25582116531356e-06,0.792205488768993,2.25609970057851,0.944,0.00727076337120113,1,1000,1000
18,36,"iptw",0.7,"late","neutral","legacy",-0.0832765,-0.089248,0.000770085844607235,0.000350598909787541,-0.00924733681899738,0.0110869110010053,0.000248034915064789,0.0112946443594773,7.97425924729066e-06,1.87368112230004,2.28023923616932,0.957,0.00641490451994416,1,1000,1000
19,36,"iptw",0.2,"early","prognostic","legacy",-0.0825635,-0.0899965,-0.000341477266462525,0.000337228585900956,0.00413593496475471,0.0106641042356477,0.000238575937706282,0.0112739194886589,8.03408284311866e-06,5.7183917142591,2.36631754293453,0.963,0.00596917079668525,1,1000,1000
20,36,"iptw",0.45,"early","prognostic","legacy",-0.0729415,-0.089605,-0.000725946377691744,0.000350619873183227,0.00995244651798693,0.0110875739217839,0.000248049745841279,0.0111133820774755,8.46057414489313e-06,0.232766481411506,2.24369222484444,0.952,0.00675988165576884,1,1000,1000
21,36,"iptw",0.7,"early","prognostic","legacy",-0.0602665,-0.0901515,-0.000479920813185424,0.000346377867873609,0.00796330985183184,0.0109534299355347,0.000245048694219889,0.0108766241159591,8.37745717843142e-06,-0.701203367598924,2.22281581330378,0.949,0.00695693898205238,1,1000,1000
22,36,"iptw",0.2,"late","prognostic","legacy",-0.0874445,-0.089459,-0.000317696167040943,0.000353041700668904,0.00363311777231207,0.0111641588313313,0.000249763093367303,0.0113598546376528,8.17806677340757e-06,1.75289342688645,2.27758065741406,0.959,0.00627048642451286,1,1000,1000
23,36,"iptw",0.45,"late","prognostic","legacy",-0.084557,-0.089416,-0.00079132864618163,0.000344371024289629,0.00935852319951784,0.010889967969204,0.000243628931453934,0.011314660557366,8.03839753010025e-06,3.89985158232795,2.32560555176252,0.953,0.00669260786241059,1,1000,1000
24,36,"iptw",0.7,"late","prognostic","legacy",-0.0792415,-0.0896195,-0.000388421206288778,0.000347150022522798,0.00490173969812254,0.0109778476095079,0.000245594963211268,0.0112093191598219,8.04616186642057e-06,2.10853309817751,2.28553421512237,0.96,0.00619677335393187,1,1000,1000
1,60,"iptw",0.2,"early","neutral","transient",-0.14134,-0.1544405,-0.00142438115672225,0.000389085459429674,0.0100776931988273,0.0123039625625081,0.000275262632565132,0.0129776921327529,7.00422540421779e-06,5.47571212787767,2.36037532847998,0.96,0.00619677335393187,1,1000,1000
2,60,"iptw",0.45,"early","neutral","transient",-0.124185,-0.1539,-2.84272771904764e-05,0.000392658872762584,0.000228910715388142,0.0124169638140402,0.00027779068170555,0.0128373744590177,7.07128442244094e-06,3.3857765173007,2.31363397985124,0.962,0.00604615580348373,1,1000,1000
3,60,"iptw",0.7,"early","neutral","transient",-0.1015895,-0.1540045,3.38533113972417e-05,0.000385480140838927,-0.000333236322624304,0.012189952378135,0.000272712011711863,0.0126076620352486,7.47200632891442e-06,3.42667177160458,2.31465966440463,0.965,0.00581162627841812,1,1000,1000
4,60,"iptw",0.2,"late","neutral","transient",-0.1505215,-0.1537885,0.000736901273365675,0.000405626446379921,-0.00489565459662358,0.0128270344976071,0.00028696472911694,0.0130317243182288,6.7925435004458e-06,1.59576884789585,2.27350398320398,0.959,0.00627048642451286,1,1000,1000
5,60,"iptw",0.45,"late","neutral","transient",-0.143105,-0.154126,-0.000442916986679892,0.000398893603720155,0.00309504899674988,0.012614123318283,0.000282201508209403,0.0129822341585791,7.08691179704461e-06,2.91824355135732,2.30315875894384,0.954,0.00662449998113065,1,1000,1000
6,60,"iptw",0.7,"late","neutral","transient",-0.1333255,-0.1540625,-0.000438361263377152,0.000388936050859151,0.00328790263960871,0.0122992378486601,0.00027515693188819,0.0129106242584178,7.18071824748966e-06,4.97092923383367,2.34912144880193,0.964,0.00589101010014412,1,1000,1000
7,60,"iptw",0.2,"early","prognostic","transient",-0.1371635,-0.1535095,0.000726546436098263,0.000400282774834905,-0.00529693713049217,0.0126580527661063,0.000283184292039696,0.0128993763631191,6.97068734105027e-06,1.90648278587544,2.28050343039573,0.957,0.00641490451994416,1,1000,1000
8,60,"iptw",0.45,"early","prognostic","transient",-0.1131895,-0.1543815,-0.000356523699841974,0.00040696748670745,0.003149794811727,0.0128694419162984,0.000287913462311628,0.0126645945731454,7.10504160882473e-06,-1.5917344705804,2.20226889696926,0.95,0.00689202437604511,1,1000,1000
9,60,"iptw",0.7,"early","prognostic","transient",-0.0843795,-0.1533635,-2.46857292097169e-05,0.000392652508923843,0.000292556002461699,0.0124167625717893,0.000277786179540376,0.0123239726969392,7.66853905071163e-06,-0.747295233468892,2.22132717677601,0.942,0.00739161687318817,1,1000,1000
10,60,"iptw",0.2,"late","prognostic","transient",-0.147619,-0.154537,-0.000790105015267661,0.000387750056650079,0.00535232602353126,0.0122617334187357,0.000274317887713487,0.013004844000624,6.88455153141017e-06,6.06040399437207,2.37343361562603,0.964,0.00589101010014412,1,1000,1000
11,60,"iptw",0.45,"late","prognostic","transient",-0.1381095,-0.154433,0.00085800131467112,0.000405945493353108,-0.00621247136997179,0.0128371236487656,0.000287190442280007,0.0129169959345661,7.19074044530869e-06,0.62219768217413,2.25180339208482,0.944,0.00727076337120113,1,1000,1000
12,60,"iptw",0.7,"late","prognostic","transient",-0.122704,-0.1542315,0.000736545234197347,0.00039513603981902,-0.00600261796027307,0.0124952987144709,0.000279543179797505,0.0127598408668022,7.22455325786516e-06,2.1171334785697,2.28528260606004,0.962,0.00604615580348373,1,1000,1000
13,60,"iptw",0.2,"early","neutral","legacy",-0.129445,-0.1402085,-0.00111025308321921,0.000406834096173838,0.00857702563420151,0.0128652237372532,0.00028781909376469,0.0132067009307521,6.67516742382762e-06,2.65426548712144,2.29715376609492,0.952,0.00675988165576884,1,1000,1000
14,60,"iptw",0.45,"early","neutral","legacy",-0.114696,-0.140679,7.41680404095502e-05,0.00040586485198872,-0.000646648884089682,0.0128345735449148,0.000287133391691975,0.0130835936033216,6.94599962871521e-06,1.94022853611289,2.28123543660873,0.956,0.00648567652600714,1,1000,1000
15,60,"iptw",0.7,"early","neutral","legacy",-0.0943295,-0.1404825,-0.000396825632997685,0.000392042272798218,0.00420680309974807,0.0123974652111144,0.000277354461524822,0.0128962565005244,7.22597832245592e-06,4.02333284196514,2.32792611148717,0.958,0.00634318531969546,1,1000,1000
16,60,"iptw",0.2,"late","neutral","legacy",-0.1369325,-0.1408615,6.40016771872032e-05,0.000419276353818967,-0.000467395813172207,0.0132586824711857,0.000296621500823211,0.0132573683153742,6.58473432149172e-06,-0.00991166214582284,2.23751633858638,0.951,0.00682634602111555,1,1000,1000
17,60,"iptw",0.45,"late","neutral","legacy",-0.1318215,-0.1411225,0.000690427646831304,0.000410069967840353,-0.00523759513304965,0.0129675509840751,0.000290108345475287,0.0132244611725538,6.7723680675857e-06,1.98117739266428,2.28210715335307,0.951,0.00682634602111555,1,1000,1000
18,60,"iptw",0.7,"late","neutral","legacy",-0.1229885,-0.140657,0.000529836076319221,0.000398851364250224,-0.00430801315829708,0.0126127875889617,0.000282171625448664,0.0131441037077849,6.69386121340997e-06,4.21251935843425,2.33203276028242,0.969,0.00548078461536303,1,1000,1000
19,60,"iptw",0.2,"early","prognostic","legacy",-0.125801,-0.1415795,0.000148713933668054,0.000398909224550606,-0.00118213633967977,0.0126146172923147,0.000282212559331486,0.0131478138847102,6.64799074133313e-06,4.22681544782395,2.33234408778558,0.965,0.00581162627841812,1,1000,1000
20,60,"iptw",0.45,"early","prognostic","legacy",-0.104631,-0.1405085,-0.000982841232244513,0.000393104170788205,0.00939340379280054,0.0124310453740256,0.000278105712513918,0.0129398357766804,7.12699669017409e-06,4.09290117883356,2.32945833032307,0.958,0.00634318531969546,1,1000,1000
21,60,"iptw",0.7,"early","prognostic","legacy",-0.0792675,-0.1412585,-0.00048473202401425,0.000401992604567634,0.00611514206975432,0.0127121223297713,0.000284393929208247,0.0126579883800945,7.32707931998674e-06,-0.425845097085253,2.22840544561986,0.948,0.00702111102319284,1,1000,1000
22,60,"iptw",0.2,"late","prognostic","legacy",-0.1359285,-0.14069,-1.61525574078059e-05,0.00039370373732053,0.00011883127826619,0.0124500053325351,0.000278529882212594,0.0132478532836185,6.81109089609457e-06,6.40841453295105,2.38118359190654,0.963,0.00596917079668525,1,1000,1000
23,60,"iptw",0.45,"late","prognostic","legacy",-0.127227,-0.140572,-0.00086213906261709,0.000395995740091918,0.00677638443582801,0.0125224848241452,0.000280151383868359,0.0131630492784255,6.63191527685212e-06,5.11531427888223,2.35222226002419,0.963,0.00596917079668525,1,1000,1000
24,60,"iptw",0.7,"late","prognostic","legacy",-0.114129,-0.141013,-0.000259252536613186,0.000402643229485925,0.00227157459202469,0.0127326968962139,0.000284854220703292,0.0130321696042849,6.97919358423266e-06,2.35199746378989,2.2904613910472,0.953,0.00669260786241059,1,1000,1000
1,84,"iptw",0.2,"early","neutral","transient",-0.173803,-0.1933005,-0.00113222440011601,0.000423480024652971,0.00651441229504675,0.0133916142148764,0.000299595432313484,0.0141424125238578,6.09496629583098e-06,5.60648101815335,2.36305264940582,0.96,0.00619677335393187,1,1000,1000
2,84,"iptw",0.45,"early","neutral","transient",-0.1468055,-0.1928285,-0.000679760016246339,0.000433039174605189,0.00463034434163801,0.0136939010783174,0.00030635815427382,0.0140180259557746,6.24371506421671e-06,2.36692871960658,2.29059330257762,0.954,0.00662449998113065,1,1000,1000
3,84,"iptw",0.7,"early","neutral","transient",-0.1143445,-0.1932545,6.63149239445993e-05,0.00042623561052811,-0.000579957268995004,0.0134787534914127,0.00030154490074996,0.0138188270226606,6.60043264577047e-06,2.5230339842963,2.29415452280457,0.964,0.00589101010014412,1,1000,1000
4,84,"iptw",0.2,"late","neutral","transient",-0.1853495,-0.192962,0.000652888209704328,0.000435486715147957,-0.00352247084402347,0.013771299106125,0.000308089692774641,0.0141746587414803,5.87730210641372e-06,2.92898754320077,2.30310923161181,0.96,0.00619677335393187,1,1000,1000
5,84,"iptw",0.45,"late","neutral","transient",-0.1724895,-0.1928565,-0.000458372830526965,0.000436316311354131,0.00265739555466834,0.0137975332416224,0.000308676599404388,0.014128278840189,6.31230333324089e-06,2.39713572545641,2.29127203846426,0.957,0.00641490451994416,1,1000,1000
6,84,"iptw",0.7,"late","neutral","transient",-0.154522,-0.193148,-0.00112391522940686,0.000428599091306859,0.00727349652092814,0.0135534933160815,0.000303216970279696,0.0140542831808697,6.28882814725056e-06,3.69491357769725,2.32031295629627,0.954,0.00662449998113065,1,1000,1000
7,84,"iptw",0.2,"early","prognostic","transient",-0.167103,-0.1924205,0.000108914257638842,0.00044240731563859,-0.000651779187919083,0.0139901477093897,0.000312985744949851,0.0140811169075532,6.08504855633917e-06,0.650237581854718,2.25215392550288,0.947,0.00708456067798138,1,1000,1000
8,84,"iptw",0.45,"early","prognostic","transient",-0.132796,-0.1937025,-0.00074983189966274,0.000439571577101948,0.00564649462079234,0.0139004737831447,0.000310979571663379,0.0138818130932207,6.31808890181235e-06,-0.13424499204191,2.23464583364787,0.946,0.00714730718522718,1,1000,1000
9,84,"iptw",0.7,"early","prognostic","transient",-0.0942265,-0.1923225,0.000594774456024211,0.000427950268909186,-0.00631217816669632,0.0135329757503457,0.000302757953996969,0.0135903954921611,6.89705184029376e-06,0.424295017405241,2.24725710392619,0.946,0.00714730718522718,1,1000,1000
10,84,"iptw",0.2,"late","prognostic","transient",-0.182006,-0.193686,-0.000197770577421486,0.000421402343560608,0.00108661570179821,0.0133259121698431,0.000298125554801348,0.0141564778111632,6.09953810934444e-06,6.23271135764905,2.37706497620485,0.962,0.00604615580348373,1,1000,1000
11,84,"iptw",0.45,"late","prognostic","transient",-0.164594,-0.1931655,0.00124631404550762,0.000439127441888215,-0.00757205029045788,0.0138864289944999,0.000310665363498607,0.0140714040154695,6.30446831398878e-06,1.3320560746243,2.26744199606164,0.947,0.00708456067798138,1,1000,1000
12,84,"iptw",0.7,"late","prognostic","transient",-0.1392795,-0.1934285,0.000305230786098981,0.000434232537017625,-0.00219149829012153,0.0137316385112907,0.000307202411162096,0.013931396958495,6.51142738541328e-06,1.45473132751057,2.27022719432832,0.954,0.00662449998113065,1,1000,1000
13,84,"iptw",0.2,"early","neutral","legacy",-0.1624075,-0.180108,-0.00189262737425802,0.000450270848338198,0.0116535712590738,0.0142388144472495,0.000318548884511348,0.0143151780437097,5.81780740825549e-06,0.536305861300024,2.24955610557637,0.952,0.00675988165576884,1,1000,1000
14,84,"iptw",0.45,"early","neutral","legacy",-0.1387045,-0.18023,-0.000395292384610474,0.000438588116725647,0.00284988868140885,0.0138693740353684,0.000310283812195521,0.0142088344105274,6.04266079479025e-06,2.44755368406246,2.2923572659593,0.949,0.00695693898205238,1,1000,1000
15,84,"iptw",0.7,"early","neutral","legacy",-0.1082915,-0.180236,-0.000473289847127037,0.000427490488725066,0.00437051705006429,0.0135184362242974,0.00030243267763206,0.0140402765426438,6.56326037008458e-06,3.86021215537105,2.32405418406758,0.957,0.00641490451994416,1,1000,1000
16,84,"iptw",0.2,"late","neutral","legacy",-0.173047,-0.1807625,-7.79332223567741e-05,0.00044199570119548,0.000450358702299226,0.0139771313178092,0.000312694543948975,0.0143547478512432,5.72369688174999e-06,2.70167407637358,2.29799324708956,0.95,0.00689202437604511,1,1000,1000
17,84,"iptw",0.45,"late","neutral","legacy",-0.162423,-0.180989,0.000261637563853528,0.000441626734857793,-0.00161084060664763,0.013965463577739,0.000312433514802349,0.0143243201167428,5.98827646331071e-06,2.56959990627037,2.29507419566441,0.952,0.00675988165576884,1,1000,1000
18,84,"iptw",0.7,"late","neutral","legacy",-0.1465685,-0.180419,0.00019424393874079,0.000420050265077341,-0.00132527752375708,0.0132831556940188,0.000297169012546379,0.014248340740521,5.858219252464e-06,7.26623303027922,2.40015128611003,0.961,0.00612200947402077,1,1000,1000
19,84,"iptw",0.2,"early","prognostic","legacy",-0.15738,-0.181118,0.00016868005002027,0.00043281531152964,-0.00107180105490069,0.01368682190629,0.000306199779968082,0.0142701217436997,5.9094896976108e-06,4.26176245591112,2.33293001673962,0.958,0.00634318531969546,1,1000,1000
20,84,"iptw",0.45,"early","prognostic","legacy",-0.125799,-0.1801035,-0.000924768409915594,0.000430294413138541,0.00735115867308639,0.0136071040996327,0.000304416343679869,0.0140903239642145,6.1839859229285e-06,3.55123221696243,2.31708028542672,0.955,0.00655553201502365,1,1000,1000
21,84,"iptw",0.7,"early","prognostic","legacy",-0.0896555,-0.181248,-0.000447421681219751,0.000441637999142684,0.00499045436386781,0.0139658197857037,0.000312441483840096,0.0138330240815807,6.51132828263913e-06,-0.950862220483106,2.21640471420404,0.942,0.00739161687318817,1,1000,1000
22,84,"iptw",0.2,"late","prognostic","legacy",-0.171184,-0.1804045,0.000120065329110713,0.000430990595715348,-0.000701381724405981,0.0136291193257331,0.000304908865423341,0.0143420078427537,5.9214024835131e-06,5.23062789298945,2.35460663888049,0.958,0.00634318531969546,1,1000,1000
23,84,"iptw",0.45,"late","prognostic","legacy",-0.155828,-0.180466,-0.000529052927189272,0.000424913583899437,0.00339510824235229,0.0134369473386727,0.000300609618998072,0.014267158063259,5.72983144874575e-06,6.17856648285602,2.3757956451713,0.968,0.00556560868189635,1,1000,1000
24,84,"iptw",0.7,"late","prognostic","legacy",-0.1332545,-0.180553,-0.000284193284810691,0.000428470894458309,0.00213271060122316,0.0135494393757787,0.000303126276060308,0.0141394162217162,6.11254418137134e-06,4.35425281869717,2.33503545353118,0.954,0.00662449998113065,1,1000,1000
1,120,"iptw",0.2,"early","neutral","transient",-0.2063635,-0.235158,-0.000729131267760863,0.000459789442758967,0.00353323755296292,0.0145398188321795,0.000325282915031072,0.0151290869385267,5.23308948158218e-06,4.05278850547357,2.32813352099971,0.956,0.00648567652600714,1,1000,1000
2,120,"iptw",0.45,"early","neutral","transient",-0.167535,-0.2350215,-0.00102743335352018,0.000465440799562766,0.00613264901972829,0.0147185304258824,0.000329281027306095,0.0150917289885524,5.31727317139323e-06,2.53556946156588,2.29419673344131,0.952,0.00675988165576884,1,1000,1000
3,120,"iptw",0.7,"early","neutral","transient",-0.1233805,-0.2354245,7.466057376114e-05,0.000461461032645477,-0.000605124584202042,0.0145926791457302,0.000326465499015076,0.0149853982698632,5.62408629174067e-06,2.6912064618914,2.29771741727471,0.959,0.00627048642451286,1,1000,1000
4,120,"iptw",0.2,"late","neutral","transient",-0.219209,-0.2346995,0.000590123322303515,0.000457365161218731,-0.00269205790959092,0.014463156318613,0.000323567831358137,0.0151263276555609,4.93297569306799e-06,4.58524627915673,2.34001595746374,0.958,0.00634318531969546,1,1000,1000
5,120,"iptw",0.45,"late","neutral","transient",-0.1951215,-0.235446,-0.000636582747574749,0.000464338557567902,0.00326249412583825,0.0146836744735179,0.000328501234523104,0.0151222341496947,5.42992769959274e-06,2.98671614497998,2.30430201231175,0.962,0.00604615580348373,1,1000,1000
6,120,"iptw",0.7,"late","neutral","transient",-0.1653745,-0.234707,-0.000839336897914017,0.000462769525602373,0.00507537073680656,0.014634057326191,0.000327391206227409,0.0150870924937107,5.54337259002213e-06,3.09575914199045,2.30675580720755,0.95,0.00689202437604511,1,1000,1000
7,120,"iptw",0.2,"early","prognostic","transient",-0.1984955,-0.2342135,0.000201479441756136,0.0004654547960507,-0.00101503279296577,0.0147189730336936,0.000329290929269846,0.0151100921394807,5.20997167163251e-06,2.65724452984442,2.29690712799926,0.956,0.00648567652600714,1,1000,1000
8,120,"iptw",0.45,"early","prognostic","transient",-0.15152,-0.235376,-0.000629524895078754,0.000457062550131452,0.00415473135611638,0.0144535869158028,0.000323353745936775,0.0150311065714777,5.26826727553865e-06,3.99568397131551,2.32686326974211,0.955,0.00655553201502365,1,1000,1000
9,120,"iptw",0.7,"early","prognostic","transient",-0.101412,-0.234205,9.76942169784029e-05,0.000468712888420114,-0.000963339811643621,0.0148220029608392,0.000331595901252248,0.0148399576442221,5.96663333677546e-06,0.121135337986122,2.24025857732902,0.943,0.00733150734842434,1,1000,1000
10,120,"iptw",0.2,"late","prognostic","transient",-0.2142245,-0.236081,-0.000432980575580749,0.00045304798533894,0.00202115339553015,0.0143266352302162,0.000320513599520073,0.0151238519756504,5.22898039635951e-06,5.56457767384735,2.36195886379166,0.967,0.00564898220921256,1,1000,1000
11,120,"iptw",0.45,"late","prognostic","transient",-0.1847975,-0.234613,0.00126544779351648,0.000454975073820801,-0.00684775385769005,0.0143875751187698,0.000321876938693632,0.0150947963048473,5.21234758628354e-06,4.91549952121484,2.34743533170436,0.961,0.00612200947402077,1,1000,1000
12,120,"iptw",0.7,"late","prognostic","transient",-0.1469865,-0.235286,0.000260803996673331,0.000484996901294626,-0.00177433979769116,0.0153369486621489,0.000343116198770261,0.0150212026166648,5.59650899126491e-06,-2.05872792847853,2.19143308861535,0.953,0.00669260786241059,1,1000,1000
13,120,"iptw",0.2,"early","neutral","legacy",-0.1965285,-0.2234205,-0.00109340684370279,0.00045649253334936,0.00556360448333343,0.0144355614024435,0.000322950481522127,0.0152510918679525,5.05975185267083e-06,5.64945444637128,2.3638355796334,0.97,0.00539444158370447,1,1000,1000
14,120,"iptw",0.45,"early","neutral","legacy",-0.1610965,-0.2233105,5.24873078789345e-05,0.000473376928382259,-0.000325812838136983,0.0149694928546234,0.00033489552576212,0.0152256670026115,5.04373973852456e-06,1.71130812831053,2.27572145100171,0.953,0.00669260786241059,1,1000,1000
15,120,"iptw",0.7,"early","neutral","legacy",-0.1187395,-0.2235365,-6.61609856264372e-05,0.000466462388300395,0.000557194409833604,0.0147508358983113,0.000330003761087334,0.0151312336194996,5.43915895948554e-06,2.57882145670043,2.29517612379668,0.958,0.00634318531969546,1,1000,1000
16,120,"iptw",0.2,"late","neutral","legacy",-0.2082945,-0.223391,-0.000551036775361669,0.000443495129046573,0.0026454696372764,0.0140245473897747,0.000313755330076111,0.0152551214725237,4.90685349771751e-06,8.77442992310884,2.43373874837496,0.967,0.00564898220921256,1,1000,1000
17,120,"iptw",0.45,"late","neutral","legacy",-0.1879945,-0.2245865,0.00105797318405551,0.000472612635945256,-0.00562768157608606,0.0149453238056297,0.00033435481897609,0.0152600814975661,5.03757715515117e-06,2.10606137431304,2.28455204996603,0.956,0.00648567652600714,1,1000,1000
18,120,"iptw",0.7,"late","neutral","legacy",-0.1598965,-0.223645,-0.000293724201556128,0.000450536126679563,0.0018369645461666,0.0142472032849757,0.000318736558485887,0.015225049484697,5.12824923989836e-06,6.86342561527438,2.39100545851758,0.965,0.00581162627841812,1,1000,1000
19,120,"iptw",0.2,"early","prognostic","legacy",-0.1900825,-0.2240675,0.000954606945970493,0.00046868584135947,-0.00502206644993881,0.0148211476576827,0.000331576766522497,0.015241666546816,4.95739702351026e-06,2.83728965425483,2.30090545141812,0.953,0.00669260786241059,1,1000,1000
20,120,"iptw",0.45,"early","prognostic","legacy",-0.1456615,-0.22324,-0.00016019714116719,0.000470187380888868,0.00109979054978282,0.0148686305067795,0.000332639046578834,0.0151642562853315,5.22582050055561e-06,1.98825156370157,2.28193843494473,0.956,0.00648567652600714,1,1000,1000
21,120,"iptw",0.7,"early","prognostic","legacy",-0.0977485,-0.224113,-0.000539576509163017,0.000471355120242004,0.0055200489947469,0.0149055576674727,0.000333465176162204,0.0149974433623812,5.44754137008165e-06,0.616452580697402,2.25127471754855,0.945,0.00720936890441875,1,1000,1000
22,120,"iptw",0.2,"late","prognostic","legacy",-0.204899,-0.2231315,0.000121538239634095,0.000466463718638807,-0.000593161702273289,0.0147508779673057,0.000330004702249345,0.015256128232577,5.1441261091678e-06,3.42522164708536,2.31407824614354,0.957,0.00641490451994416,1,1000,1000
23,120,"iptw",0.45,"late","prognostic","legacy",-0.1780215,-0.223218,-0.000396570403863955,0.000448656918274712,0.0022276545465798,0.0141877774974011,0.000317407092580335,0.015233756125732,5.03239349018254e-06,7.37239238860723,2.40238290545897,0.958,0.00634318531969546,1,1000,1000
24,120,"iptw",0.7,"late","prognostic","legacy",-0.143185,-0.2241195,-0.000267034346372735,0.000463219095208292,0.00186496034062741,0.0146482739654059,0.000327709259010537,0.015160101685115,5.27074913543312e-06,3.4941162413936,2.3156363343752,0.962,0.00604615580348373,1,1000,1000
