"scenario","target_c120","shape","alpha_l_key","alpha_l","persistence","horizon","risk_itt1","risk_itt0","risk_pp1","risk_pp0","rd_itt","rd_pp","attenuation","c_true"
1,0.2,"early","neutral",0,"transient",12,0.0283185,0.066252,0.027674,0.0669475,-0.0379335,-0.0392735,0.034119699033699,0.0407165
1,0.2,"early","neutral",0,"transient",24,0.055491,0.1253015,0.05471,0.1278695,-0.0698105,-0.0731595,0.0457766933891016,0.0739715
1,0.2,"early","neutral",0,"transient",36,0.0814115,0.179051,0.080751,0.1845925,-0.0976395,-0.1038415,0.0597256395564394,0.101362
1,0.2,"early","neutral",0,"transient",60,0.130584,0.271924,0.1299155,0.284356,-0.14134,-0.1544405,0.0848255477028371,0.142844
1,0.2,"early","neutral",0,"transient",84,0.176405,0.350208,0.1763145,0.369615,-0.173803,-0.1933005,0.100866267805826,0.1716125
1,0.2,"early","neutral",0,"transient",120,0.2399055,0.446269,0.2402055,0.4753635,-0.2063635,-0.235158,0.122447460856105,0.1997465
2,0.45,"early","neutral",0,"transient",12,0.027927,0.0647725,0.0280135,0.0669605,-0.0368455,-0.038947,0.0539579428454057,0.105067
2,0.45,"early","neutral",0,"transient",24,0.054833,0.120916,0.054795,0.1281745,-0.066083,-0.0733795,0.0994351283396587,0.1854585
2,0.45,"early","neutral",0,"transient",36,0.080882,0.1704345,0.0806535,0.184304,-0.0895525,-0.1036505,0.136014780440036,0.2482785
2,0.45,"early","neutral",0,"transient",60,0.130287,0.254472,0.130055,0.283955,-0.124185,-0.1539,0.193079922027291,0.337689
2,0.45,"early","neutral",0,"transient",84,0.176604,0.3234095,0.1762785,0.369107,-0.1468055,-0.1928285,0.23867322517159,0.3957675
2,0.45,"early","neutral",0,"transient",120,0.240121,0.407656,0.239697,0.4747185,-0.167535,-0.2350215,0.287150324544776,0.4493895
3,0.7,"early","neutral",0,"transient",12,0.0279695,0.0628665,0.0278605,0.066798,-0.034897,-0.0389375,0.10376886035313,0.200236
3,0.7,"early","neutral",0,"transient",24,0.0548845,0.1148235,0.054696,0.1282085,-0.059939,-0.0735125,0.184642067675566,0.339225
3,0.7,"early","neutral",0,"transient",36,0.0809265,0.158924,0.0808395,0.1843845,-0.0779975,-0.103545,0.246728475542035,0.4380365
3,0.7,"early","neutral",0,"transient",60,0.1303095,0.231899,0.1302995,0.284304,-0.1015895,-0.1540045,0.340347197646822,0.5652425
3,0.7,"early","neutral",0,"transient",84,0.1763005,0.290645,0.176259,0.3695135,-0.1143445,-0.1932545,0.408321669094381,0.638945
3,0.7,"early","neutral",0,"transient",120,0.240042,0.3634225,0.239767,0.4751915,-0.1233805,-0.2354245,0.475923279013017,0.7003995
4,0.2,"late","neutral",0,"transient",12,0.027857,0.066986,0.027761,0.066693,-0.039129,-0.038932,-0.00506010479810959,0.009686
4,0.2,"late","neutral",0,"transient",24,0.054873,0.1279565,0.05454,0.128031,-0.0730835,-0.073491,0.00554489665401214,0.0209255
4,0.2,"late","neutral",0,"transient",36,0.080804,0.183541,0.0804695,0.184506,-0.102737,-0.1040365,0.0124908085143195,0.0341555
4,0.2,"late","neutral",0,"transient",60,0.130338,0.2808595,0.130176,0.2839645,-0.1505215,-0.1537885,0.0212434609870051,0.066699
4,0.2,"late","neutral",0,"transient",84,0.176515,0.3618645,0.1762885,0.3692505,-0.1853495,-0.192962,0.0394507726909963,0.110229
4,0.2,"late","neutral",0,"transient",120,0.2398735,0.4590825,0.239961,0.4746605,-0.219209,-0.2346995,0.0660014188355748,0.2003795
5,0.45,"late","neutral",0,"transient",12,0.0279295,0.0663355,0.028008,0.0669785,-0.038406,-0.0389705,0.0144853158158089,0.0257595
5,0.45,"late","neutral",0,"transient",24,0.0549225,0.1263195,0.055015,0.128446,-0.071397,-0.073431,0.0276994729746292,0.05534
5,0.45,"late","neutral",0,"transient",36,0.0808285,0.1802105,0.0810175,0.18494,-0.099382,-0.1039225,0.0436912122013999,0.0887045
5,0.45,"late","neutral",0,"transient",60,0.130203,0.273308,0.130491,0.284617,-0.143105,-0.154126,0.0715064298041864,0.168703
5,0.45,"late","neutral",0,"transient",84,0.1764105,0.3489,0.176756,0.3696125,-0.1724895,-0.1928565,0.105607018690062,0.2677905
5,0.45,"late","neutral",0,"transient",120,0.2400635,0.435185,0.2400625,0.4755085,-0.1951215,-0.235446,0.171268571137331,0.4500755
6,0.7,"late","neutral",0,"transient",12,0.027809,0.0659545,0.027787,0.066903,-0.0381455,-0.039116,0.0248108191021579,0.0512435
6,0.7,"late","neutral",0,"transient",24,0.054761,0.124326,0.0549095,0.128069,-0.069565,-0.0731595,0.0491323751529189,0.1078735
6,0.7,"late","neutral",0,"transient",36,0.080835,0.1763945,0.08089,0.1844375,-0.0955595,-0.1035475,0.0771433400130375,0.1703725
6,0.7,"late","neutral",0,"transient",60,0.1298395,0.263165,0.1300885,0.284151,-0.1333255,-0.1540625,0.13460121703854,0.310912
6,0.7,"late","neutral",0,"transient",84,0.1763285,0.3308505,0.176136,0.369284,-0.154522,-0.193148,0.199981361443039,0.4662405
6,0.7,"late","neutral",0,"transient",120,0.2401135,0.405488,0.239945,0.474652,-0.1653745,-0.234707,0.295400222404956,0.699993
7,0.2,"early","prognostic",0.6,"transient",12,0.02809,0.065859,0.027838,0.066817,-0.037769,-0.038979,0.031042356140486,0.0488885
7,0.2,"early","prognostic",0.6,"transient",24,0.0551055,0.12448,0.054701,0.128279,-0.0693745,-0.073578,0.0571298485960479,0.0879345
7,0.2,"early","prognostic",0.6,"transient",36,0.081101,0.1768645,0.080893,0.18456,-0.0957635,-0.103667,0.0762393046967694,0.1193855
7,0.2,"early","prognostic",0.6,"transient",60,0.1305865,0.26775,0.1303505,0.28386,-0.1371635,-0.1535095,0.106482009256756,0.1656215
7,0.2,"early","prognostic",0.6,"transient",84,0.176957,0.34406,0.1764755,0.368896,-0.167103,-0.1924205,0.131573818797893,0.1975055
7,0.2,"early","prognostic",0.6,"transient",120,0.2404935,0.438989,0.240192,0.4744055,-0.1984955,-0.2342135,0.152501883964844,0.2280135
8,0.45,"early","prognostic",0.6,"transient",12,0.028087,0.0636205,0.027802,0.0666675,-0.0355335,-0.0388655,0.0857315614105056,0.1317445
8,0.45,"early","prognostic",0.6,"transient",24,0.0550735,0.1174985,0.0546025,0.128206,-0.062425,-0.0736035,0.151874571182077,0.2250155
8,0.45,"early","prognostic",0.6,"transient",36,0.081138,0.1645035,0.0804035,0.1846005,-0.0833655,-0.104197,0.199924182078179,0.294064
8,0.45,"early","prognostic",0.6,"transient",60,0.130594,0.2437835,0.129925,0.2843065,-0.1131895,-0.1543815,0.266819534724044,0.387265
8,0.45,"early","prognostic",0.6,"transient",84,0.1768155,0.3096115,0.1758325,0.369535,-0.132796,-0.1937025,0.314433215885185,0.444582
8,0.45,"early","prognostic",0.6,"transient",120,0.240421,0.391941,0.2396605,0.4750365,-0.15152,-0.235376,0.356264020120998,0.495145
9,0.7,"early","prognostic",0.6,"transient",12,0.028044,0.0606825,0.028096,0.0668135,-0.0326385,-0.0387175,0.15700910441015,0.2604025
9,0.7,"early","prognostic",0.6,"transient",24,0.054938,0.108175,0.054855,0.1280045,-0.053237,-0.0731495,0.272216488150979,0.4138235
9,0.7,"early","prognostic",0.6,"transient",36,0.080941,0.1479515,0.080709,0.18441,-0.0670105,-0.103701,0.35381047434451,0.5129265
9,0.7,"early","prognostic",0.6,"transient",60,0.130149,0.2145285,0.130229,0.2835925,-0.0843795,-0.1533635,0.449807157504882,0.629035
9,0.7,"early","prognostic",0.6,"transient",84,0.1763095,0.270536,0.176274,0.3685965,-0.0942265,-0.1923225,0.510059925385745,0.6915305
9,0.7,"early","prognostic",0.6,"transient",120,0.2401355,0.3415475,0.2399645,0.4741695,-0.101412,-0.234205,0.566994726841869,0.741611
10,0.2,"late","prognostic",0.6,"transient",12,0.0281665,0.0665175,0.0278475,0.0670825,-0.038351,-0.039235,0.0225309035300117,0.011762
10,0.2,"late","prognostic",0.6,"transient",24,0.0553145,0.1268975,0.054738,0.1283935,-0.071583,-0.0736555,0.0281377493873505,0.0253225
10,0.2,"late","prognostic",0.6,"transient",36,0.081394,0.1823085,0.080692,0.1847075,-0.1009145,-0.1040155,0.029812864428859,0.041197
10,0.2,"late","prognostic",0.6,"transient",60,0.1308165,0.2784355,0.130173,0.28471,-0.147619,-0.154537,0.0447659783741111,0.0797645
10,0.2,"late","prognostic",0.6,"transient",84,0.176814,0.35882,0.176115,0.369801,-0.182006,-0.193686,0.0603037906714994,0.129549
10,0.2,"late","prognostic",0.6,"transient",120,0.240595,0.4548195,0.2398005,0.4758815,-0.2142245,-0.236081,0.0925805126206685,0.228504
11,0.45,"late","prognostic",0.6,"transient",12,0.0280175,0.0660865,0.0279325,0.0668035,-0.038069,-0.038871,0.0206323480229477,0.0332535
11,0.45,"late","prognostic",0.6,"transient",24,0.0549295,0.1253685,0.054741,0.127843,-0.070439,-0.073102,0.0364285518864055,0.070359
11,0.45,"late","prognostic",0.6,"transient",36,0.080928,0.178344,0.0808295,0.184311,-0.097416,-0.1034815,0.058614341693926,0.1114765
11,0.45,"late","prognostic",0.6,"transient",60,0.130321,0.2684305,0.130173,0.284606,-0.1381095,-0.154433,0.105699559032072,0.205849
11,0.45,"late","prognostic",0.6,"transient",84,0.176477,0.341071,0.176449,0.3696145,-0.164594,-0.1931655,0.147912023627408,0.314191
11,0.45,"late","prognostic",0.6,"transient",120,0.2399115,0.424709,0.240194,0.474807,-0.1847975,-0.234613,0.212330518769207,0.49504
12,0.7,"late","prognostic",0.6,"transient",12,0.027778,0.0651445,0.0279895,0.0668275,-0.0373665,-0.038838,0.0378881507801637,0.0723785
12,0.7,"late","prognostic",0.6,"transient",24,0.054564,0.1220565,0.05501,0.1280295,-0.0674925,-0.0730195,0.0756921096419448,0.1474865
12,0.7,"late","prognostic",0.6,"transient",36,0.0806835,0.1717615,0.0809575,0.1842685,-0.091078,-0.103311,0.118409462690323,0.2260915
12,0.7,"late","prognostic",0.6,"transient",60,0.130507,0.253211,0.1302755,0.284507,-0.122704,-0.1542315,0.204416737177555,0.386157
12,0.7,"late","prognostic",0.6,"transient",84,0.176738,0.3160175,0.1762245,0.369653,-0.1392795,-0.1934285,0.279943234838713,0.541533
12,0.7,"late","prognostic",0.6,"transient",120,0.2405855,0.387572,0.239863,0.475149,-0.1469865,-0.235286,0.375285822360871,0.742391
13,0.2,"early","neutral",0,"legacy",12,0.043243,0.066664,0.04322,0.066849,-0.023421,-0.023629,0.00880274239282242,0.040449
13,0.2,"early","neutral",0,"legacy",24,0.069654,0.126558,0.069803,0.12823,-0.056904,-0.058427,0.0260667157307408,0.073663
13,0.2,"early","neutral",0,"legacy",36,0.095409,0.180343,0.0954995,0.184748,-0.084934,-0.0892485,0.0483425491744958,0.1011965
13,0.2,"early","neutral",0,"legacy",60,0.1437195,0.2731645,0.144175,0.2843835,-0.129445,-0.1402085,0.0767678136489588,0.1429145
13,0.2,"early","neutral",0,"legacy",84,0.189177,0.3515845,0.1893825,0.3694905,-0.1624075,-0.180108,0.0982771448242165,0.171787
13,0.2,"early","neutral",0,"legacy",120,0.251287,0.4478155,0.251625,0.4750455,-0.1965285,-0.2234205,0.120364962033475,0.20005
14,0.45,"early","neutral",0,"legacy",12,0.0432365,0.06609,0.0428635,0.066723,-0.0228535,-0.0238595,0.0421634988159856,0.1051405
14,0.45,"early","neutral",0,"legacy",24,0.069742,0.123444,0.0693405,0.1280125,-0.053702,-0.058672,0.084708208344696,0.1858365
14,0.45,"early","neutral",0,"legacy",36,0.0951735,0.173603,0.0949175,0.1844155,-0.0784295,-0.089498,0.123673154707368,0.248646
14,0.45,"early","neutral",0,"legacy",60,0.14366,0.258356,0.143386,0.284065,-0.114696,-0.140679,0.184697076322692,0.3383895
14,0.45,"early","neutral",0,"legacy",84,0.1888685,0.327573,0.1889555,0.3691855,-0.1387045,-0.18023,0.230402818620651,0.396324
14,0.45,"early","neutral",0,"legacy",120,0.251289,0.4123855,0.251401,0.4747115,-0.1610965,-0.2233105,0.278598632845298,0.449738
15,0.7,"early","neutral",0,"legacy",12,0.04323,0.065246,0.043092,0.0668935,-0.022016,-0.0238015,0.0750162804865238,0.200153
15,0.7,"early","neutral",0,"legacy",24,0.0696315,0.1192795,0.0694645,0.1279125,-0.049648,-0.058448,0.150561182589653,0.338342
15,0.7,"early","neutral",0,"legacy",36,0.0953105,0.164759,0.095133,0.1842685,-0.0694485,-0.0891355,0.220865984933052,0.4377865
15,0.7,"early","neutral",0,"legacy",60,0.1438475,0.238177,0.143437,0.2839195,-0.0943295,-0.1404825,0.328532023561653,0.5646465
15,0.7,"early","neutral",0,"legacy",84,0.189022,0.2973135,0.188833,0.369069,-0.1082915,-0.180236,0.399168312656739,0.638361
15,0.7,"early","neutral",0,"legacy",120,0.2510365,0.369776,0.2510385,0.474575,-0.1187395,-0.2235365,0.468813817877617,0.7000475
16,0.2,"late","neutral",0,"legacy",12,0.0431935,0.066622,0.0433895,0.0668525,-0.0234285,-0.023463,0.00147040020457745,0.0096235
16,0.2,"late","neutral",0,"legacy",24,0.069618,0.1274915,0.069808,0.12813,-0.0578735,-0.058322,0.00769006549843954,0.0208545
16,0.2,"late","neutral",0,"legacy",36,0.095008,0.18307,0.095321,0.184482,-0.088062,-0.089161,0.0123260169805183,0.0338865
16,0.2,"late","neutral",0,"legacy",60,0.143604,0.2805365,0.143358,0.2842195,-0.1369325,-0.1408615,0.0278926463228064,0.066536
16,0.2,"late","neutral",0,"legacy",84,0.1887705,0.3618175,0.1885225,0.369285,-0.173047,-0.1807625,0.0426830786252678,0.109802
16,0.2,"late","neutral",0,"legacy",120,0.2512725,0.459567,0.251245,0.474636,-0.2082945,-0.223391,0.0675788192004154,0.200285
17,0.45,"late","neutral",0,"legacy",12,0.04321,0.066969,0.043119,0.06678,-0.023759,-0.023661,-0.00414183677781987,0.0255225
17,0.45,"late","neutral",0,"legacy",24,0.0697255,0.1274685,0.0695175,0.128114,-0.057743,-0.0585965,0.0145657163823777,0.054961
17,0.45,"late","neutral",0,"legacy",36,0.095183,0.1821015,0.09505,0.1847625,-0.0869185,-0.0897125,0.0311439320050161,0.0885255
17,0.45,"late","neutral",0,"legacy",60,0.143698,0.2755195,0.1432095,0.284332,-0.1318215,-0.1411225,0.0659072791369201,0.1685945
17,0.45,"late","neutral",0,"legacy",84,0.1889825,0.3514055,0.188286,0.369275,-0.162423,-0.180989,0.10258081982883,0.267882
17,0.45,"late","neutral",0,"legacy",120,0.251578,0.4395725,0.250583,0.4751695,-0.1879945,-0.2245865,0.162930541239122,0.450172
18,0.7,"late","neutral",0,"legacy",12,0.043094,0.0664445,0.0430695,0.0668975,-0.0233505,-0.023828,0.0200394493872754,0.0512505
18,0.7,"late","neutral",0,"legacy",24,0.0696715,0.1258205,0.0694795,0.128128,-0.056149,-0.0586485,0.0426183107837368,0.1082785
18,0.7,"late","neutral",0,"legacy",36,0.0951815,0.178458,0.095187,0.184435,-0.0832765,-0.089248,0.0669090623879526,0.170992
18,0.7,"late","neutral",0,"legacy",60,0.143776,0.2667645,0.1436335,0.2842905,-0.1229885,-0.140657,0.125614082484341,0.3114945
18,0.7,"late","neutral",0,"legacy",84,0.188845,0.3354135,0.1889755,0.3693945,-0.1465685,-0.180419,0.187621591960936,0.4671975
18,0.7,"late","neutral",0,"legacy",120,0.25129,0.4111865,0.2514325,0.4750775,-0.1598965,-0.223645,0.285043260524492,0.7004335
19,0.2,"early","prognostic",0.6,"legacy",12,0.0431215,0.066286,0.0431595,0.066625,-0.0231645,-0.0234655,0.0128273422684367,0.049181
19,0.2,"early","prognostic",0.6,"legacy",24,0.0696375,0.1250705,0.0696065,0.128434,-0.055433,-0.0588275,0.0577026050741574,0.0882465
19,0.2,"early","prognostic",0.6,"legacy",36,0.0953395,0.177903,0.0949155,0.184912,-0.0825635,-0.0899965,0.08259210080392,0.1196015
19,0.2,"early","prognostic",0.6,"legacy",60,0.143648,0.269449,0.1430865,0.284666,-0.125801,-0.1415795,0.111446219261969,0.166273
19,0.2,"early","prognostic",0.6,"legacy",84,0.188703,0.346083,0.1886895,0.3698075,-0.15738,-0.181118,0.131063726410407,0.197834
19,0.2,"early","prognostic",0.6,"legacy",120,0.251253,0.4413355,0.2512405,0.475308,-0.1900825,-0.2240675,0.151673044952972,0.2280775
20,0.45,"early","prognostic",0.6,"legacy",12,0.0432415,0.0651235,0.04329,0.0666965,-0.021882,-0.0234065,0.0651314805716363,0.131423
20,0.45,"early","prognostic",0.6,"legacy",24,0.0698595,0.120628,0.069627,0.1282065,-0.0507685,-0.0585795,0.133340161660649,0.225162
20,0.45,"early","prognostic",0.6,"legacy",36,0.095325,0.1682665,0.09513,0.184735,-0.0729415,-0.089605,0.185966184922716,0.29407
20,0.45,"early","prognostic",0.6,"legacy",60,0.1439045,0.2485355,0.1433475,0.283856,-0.104631,-0.1405085,0.255340424244797,0.386986
20,0.45,"early","prognostic",0.6,"legacy",84,0.1890245,0.3148235,0.1887425,0.368846,-0.125799,-0.1801035,0.301518293647819,0.444163
20,0.45,"early","prognostic",0.6,"legacy",120,0.2514165,0.397078,0.2511505,0.4743905,-0.1456615,-0.22324,0.347511646658305,0.4950225
21,0.7,"early","prognostic",0.6,"legacy",12,0.042973,0.0637575,0.04319,0.0669435,-0.0207845,-0.0237535,0.124992106426422,0.2602005
21,0.7,"early","prognostic",0.6,"legacy",24,0.0693885,0.1140895,0.0696145,0.128381,-0.044701,-0.0587665,0.239345545506369,0.413961
21,0.7,"early","prognostic",0.6,"legacy",36,0.0949395,0.155206,0.0949185,0.18507,-0.0602665,-0.0901515,0.331497534705468,0.5133275
21,0.7,"early","prognostic",0.6,"legacy",60,0.1434305,0.222698,0.1433,0.2845585,-0.0792675,-0.1412585,0.438847927735322,0.629337
21,0.7,"early","prognostic",0.6,"legacy",84,0.188778,0.2784335,0.188414,0.369662,-0.0896555,-0.181248,0.5053435072387,0.6919155
21,0.7,"early","prognostic",0.6,"legacy",120,0.2510035,0.348752,0.2509405,0.4750535,-0.0977485,-0.224113,0.563842793590733,0.7418215
22,0.2,"late","prognostic",0.6,"legacy",12,0.0431835,0.0667015,0.043299,0.0667845,-0.023518,-0.0234855,-0.00138383257754771,0.011895
22,0.2,"late","prognostic",0.6,"legacy",24,0.0696105,0.1272515,0.069924,0.128073,-0.057641,-0.058149,0.00873617775026236,0.025473
22,0.2,"late","prognostic",0.6,"legacy",36,0.095183,0.1826275,0.095211,0.18467,-0.0874445,-0.089459,0.0225186957153557,0.0412175
22,0.2,"late","prognostic",0.6,"legacy",60,0.1435335,0.279462,0.1435355,0.2842255,-0.1359285,-0.14069,0.0338439121472743,0.079534
22,0.2,"late","prognostic",0.6,"legacy",84,0.1888265,0.3600105,0.1889815,0.369386,-0.171184,-0.1804045,0.051110144148289,0.1291695
22,0.2,"late","prognostic",0.6,"legacy",120,0.2513755,0.4562745,0.2517495,0.474881,-0.204899,-0.2231315,0.0817119053114416,0.228063
23,0.45,"late","prognostic",0.6,"legacy",12,0.043197,0.0667615,0.0430815,0.0665665,-0.0235645,-0.023485,-0.00338513945071339,0.0332795
23,0.45,"late","prognostic",0.6,"legacy",24,0.0696505,0.126295,0.069519,0.1280035,-0.0566445,-0.0584845,0.0314613273602409,0.070486
23,0.45,"late","prognostic",0.6,"legacy",36,0.0952655,0.1798225,0.0949895,0.1844055,-0.084557,-0.089416,0.0543415048760848,0.111674
23,0.45,"late","prognostic",0.6,"legacy",60,0.143536,0.270763,0.14343,0.284002,-0.127227,-0.140572,0.0949335571806619,0.20554
23,0.45,"late","prognostic",0.6,"legacy",84,0.188794,0.344622,0.188679,0.369145,-0.155828,-0.180466,0.136524331453016,0.314355
23,0.45,"late","prognostic",0.6,"legacy",120,0.251252,0.4292735,0.251204,0.474422,-0.1780215,-0.223218,0.202476950783539,0.4957265
24,0.7,"late","prognostic",0.6,"legacy",12,0.043099,0.0660235,0.0432475,0.066629,-0.0229245,-0.0233815,0.0195453670637039,0.071888
24,0.7,"late","prognostic",0.6,"legacy",24,0.069555,0.1237825,0.069566,0.1280315,-0.0542275,-0.0584655,0.0724871933020327,0.1477365
24,0.7,"late","prognostic",0.6,"legacy",36,0.0950515,0.174293,0.0950335,0.184653,-0.0792415,-0.0896195,0.115800690697895,0.2259535
24,0.7,"late","prognostic",0.6,"legacy",60,0.143538,0.257667,0.1435445,0.2845575,-0.114129,-0.141013,0.190649089091077,0.3857795
24,0.7,"late","prognostic",0.6,"legacy",84,0.1887745,0.322029,0.1888705,0.3694235,-0.1332545,-0.180553,0.261964630884006,0.5416935
24,0.7,"late","prognostic",0.6,"legacy",120,0.251164,0.394349,0.251051,0.4751705,-0.143185,-0.2241195,0.361122079961806,0.742193
