"cell","process_scenario","visit_key","pressure_key","profile","G","delta","rd_full","rd_full_mcse","rd_panel","rd_panel_mcse","rd_panel_oracle","rd_panel_oracle_mcse","approximation_error","approximation_error_mcse","oracle_approximation_error","oracle_approximation_error_mcse","delta_g","delta_g_mcse","truth_n","truth_batches","precision_met","population_models_valid"
1,1,"frequent","lower","exact-null",4,1,0,0,0.0022087864286105,0.0031130135328678,0.00220878642861028,0.00311301353286803,0.0022087864286105,0.0031130135328678,0.00220878642861028,0.00311301353286803,0,0,500000,2,TRUE,TRUE
1,1,"frequent","lower","exact-null",4,2,0,0,-6.23073870936186e-05,0.000667149150818946,0.000179427097842577,0.000973897148531466,-6.23073870936186e-05,0.000667149150818946,0.000179427097842577,0.000973897148531466,0,0,500000,2,TRUE,TRUE
1,1,"frequent","lower","exact-null",4,4,0,0,-0.000860757893185571,0.000191406656242454,0.000282405606064629,0.000598501751207903,-0.000860757893185571,0.000191406656242454,0.000282405606064629,0.000598501751207903,0,0,500000,2,TRUE,TRUE
1,1,"frequent","lower","exact-null",4,8,0,0,-0.00234935251858537,0.000181732303174864,0.000282405606064129,0.000598501751208069,-0.00234935251858537,0.000181732303174864,0.000282405606064129,0.000598501751208069,0,0,500000,2,TRUE,TRUE
2,2,"sparse","lower","exact-null",4,1,0,0,0.0018067760640616,0.00274647005697187,0.0018067760640576,0.00274647005697209,0.0018067760640616,0.00274647005697187,0.0018067760640576,0.00274647005697209,0,0,500000,2,TRUE,TRUE
2,2,"sparse","lower","exact-null",4,2,0,0,-0.000149957260344835,0.000402909746618163,0.000731815034916705,0.000566613931107462,-0.000149957260344835,0.000402909746618163,0.000731815034916705,0.000566613931107462,0,0,500000,2,TRUE,TRUE
2,2,"sparse","lower","exact-null",4,4,0,0,-0.00265734838129639,0.000679400545337772,-0.000743153841895661,0.000682376137907614,-0.00265734838129639,0.000679400545337772,-0.000743153841895661,0.000682376137907614,0,0,500000,2,TRUE,TRUE
2,2,"sparse","lower","exact-null",4,8,0,0,-0.00419638802712813,0.000723232806442542,-0.000743153841896049,0.000682376137907781,-0.00419638802712813,0.000723232806442542,-0.000743153841896049,0.000682376137907781,0,0,500000,2,TRUE,TRUE
3,3,"frequent","higher","exact-null",4,1,0,0,0.00293220506251962,0.000728715996639206,0.0029322050625194,0.000728715996639206,0.00293220506251962,0.000728715996639206,0.0029322050625194,0.000728715996639206,0,0,500000,2,TRUE,TRUE
3,3,"frequent","higher","exact-null",4,2,0,0,0.00116790373563042,0.000537812312876695,0.00150322800328001,0.00060518630110179,0.00116790373563042,0.000537812312876695,0.00150322800328001,0.00060518630110179,0,0,500000,2,TRUE,TRUE
3,3,"frequent","higher","exact-null",4,4,0,0,-0.000156887753397006,0.000226457696951787,0.00056075739143352,0.000286031306746037,-0.000156887753397006,0.000226457696951787,0.00056075739143352,0.000286031306746037,0,0,500000,2,TRUE,TRUE
3,3,"frequent","higher","exact-null",4,8,0,0,-0.00059308139442088,0.000225416720651739,0.000560757391433575,0.000286031306745982,-0.00059308139442088,0.000225416720651739,0.000560757391433575,0.000286031306745982,0,0,500000,2,TRUE,TRUE
4,4,"sparse","higher","exact-null",4,1,0,0,0.000433693992927586,9.96216212365564e-05,0.000433693992927697,9.96216212363343e-05,0.000433693992927586,9.96216212365564e-05,0.000433693992927697,9.96216212363343e-05,0,0,500000,2,TRUE,TRUE
4,4,"sparse","higher","exact-null",4,2,0,0,-0.000416008357796704,0.000831455689091987,-0.000357318557486108,0.00131280596072902,-0.000416008357796704,0.000831455689091987,-0.000357318557486108,0.00131280596072902,0,0,500000,2,TRUE,TRUE
4,4,"sparse","higher","exact-null",4,4,0,0,-0.000444968781718347,0.000259115275833832,0.000699728795535814,0.000240091801441689,-0.000444968781718347,0.000259115275833832,0.000699728795535814,0.000240091801441689,0,0,500000,2,TRUE,TRUE
4,4,"sparse","higher","exact-null",4,8,0,0,-0.00111835163074309,0.000280365564385432,0.000699728795535925,0.0002400918014418,-0.00111835163074309,0.000280365564385432,0.000699728795535925,0.0002400918014418,0,0,500000,2,TRUE,TRUE
5,1,"frequent","lower","immediate-benefit",4,1,-0.0238007187619623,7.91839644440073e-06,-0.0215529734812716,0.00289650630708899,-0.0215529734812722,0.0028965063070891,0.00224774528069077,0.00288858791064459,0.00224774528069011,0.0028885879106447,-0.00066749212425217,1.48888963469734e-05,500000,2,TRUE,TRUE
5,1,"frequent","lower","immediate-benefit",4,2,-0.0238007187619623,7.91839644440073e-06,-0.0229956130952373,0.000529494464906133,-0.0227695576299112,0.000771468103900663,0.000805105666724981,0.000521576068461732,0.0010311611320511,0.000763549707456262,-0.00066749212425217,1.48888963469734e-05,500000,2,TRUE,TRUE
5,1,"frequent","lower","immediate-benefit",4,4,-0.0238007187619623,7.91839644440073e-06,-0.0226861195037012,8.46429437800778e-06,-0.0215527118478913,0.000303039512700942,0.00111459925826113,1.63826908224085e-05,0.00224800691407101,0.000295121116256541,-0.00066749212425217,1.48888963469734e-05,500000,2,TRUE,TRUE
5,1,"frequent","lower","immediate-benefit",4,8,-0.0238007187619623,7.91839644440073e-06,-0.0241102797122068,2.17419784542816e-06,-0.0215527118478913,0.000303039512701053,-0.000309560950244481,5.74419859897257e-06,0.00224800691407101,0.000295121116256652,-0.00066749212425217,1.48888963469734e-05,500000,2,TRUE,TRUE
6,2,"sparse","lower","immediate-benefit",4,1,-0.0254671271605755,3.11136415703239e-05,-0.0236882950452515,0.00185944214335632,-0.0236882950452545,0.00185944214335587,0.00177883211532401,0.00182832850178599,0.00177883211532101,0.00182832850178555,-0.00055397718610159,2.13721726717853e-05,500000,2,TRUE,TRUE
6,2,"sparse","lower","immediate-benefit",4,2,-0.0254671271605755,3.11136415703239e-05,-0.0249626517478419,3.19758790977009e-05,-0.0241467296233949,0.000196037925696668,0.000504475412733602,8.62237527377019e-07,0.00132039753718058,0.000164924284126344,-0.00055397718610159,2.13721726717853e-05,500000,2,TRUE,TRUE
6,2,"sparse","lower","immediate-benefit",4,4,-0.0254671271605755,3.11136415703239e-05,-0.0261431137776187,0.000351253250848282,-0.024327775721033,0.000351035858447257,-0.000675986617043184,0.000320139609277958,0.0011393514395425,0.000319922216876933,-0.00055397718610159,2.13721726717853e-05,500000,2,TRUE,TRUE
6,2,"sparse","lower","immediate-benefit",4,8,-0.0254671271605755,3.11136415703239e-05,-0.0276288162506819,0.000402829566112983,-0.0243277757210327,0.000351035858447146,-0.00216168909010636,0.000371715924542659,0.00113935143954283,0.000319922216876822,-0.00055397718610159,2.13721726717853e-05,500000,2,TRUE,TRUE
7,3,"frequent","higher","immediate-benefit",4,1,-0.00922485388444401,2.25268767220926e-05,-0.0063667875017282,0.00080519634938786,-0.00636678750172875,0.000805196349387971,0.00285806638271581,0.000782669472665767,0.00285806638271525,0.000782669472665878,-0.00289282930349921,2.01801790651046e-05,500000,2,TRUE,TRUE
7,3,"frequent","higher","immediate-benefit",4,2,-0.00922485388444401,2.25268767220926e-05,-0.00720603058857688,0.000327586695770432,-0.00686002477087427,0.000433415988858876,0.00201882329586713,0.000350113572492525,0.00236482911356974,0.000455942865580969,-0.00289282930349921,2.01801790651046e-05,500000,2,TRUE,TRUE
7,3,"frequent","higher","immediate-benefit",4,4,-0.00922485388444401,2.25268767220926e-05,-0.00720967222660374,0.000132446110325812,-0.00651198931193331,0.000190831262507296,0.00201518165784027,0.000154972987047905,0.0027128645725107,0.000213358139229389,-0.00289282930349921,2.01801790651046e-05,500000,2,TRUE,TRUE
7,3,"frequent","higher","immediate-benefit",4,8,-0.00922485388444401,2.25268767220926e-05,-0.00760990418322982,0.000134675105046944,-0.00651198931193347,0.000190831262507019,0.00161494970121419,0.000157201981769037,0.00271286457251053,0.000213358139229111,-0.00289282930349921,2.01801790651046e-05,500000,2,TRUE,TRUE
8,4,"sparse","higher","immediate-benefit",4,1,-0.0101176508172581,7.86232531244102e-06,-0.00954840762005149,0.000205084978190162,-0.00954840762005144,0.000205084978190218,0.000569243197206609,0.000212947303502603,0.000569243197206665,0.000212947303502659,-0.00276944835543225,1.37889746548714e-05,500000,2,TRUE,TRUE
8,4,"sparse","higher","immediate-benefit",4,2,-0.0101176508172581,7.86232531244102e-06,-0.00965193231039063,0.000871086285577083,-0.00959121330064328,0.00135995306618275,0.000465718506867469,0.000863223960264642,0.000526437516614825,0.00135209074087031,-0.00276944835543225,1.37889746548714e-05,500000,2,TRUE,TRUE
8,4,"sparse","higher","immediate-benefit",4,4,-0.0101176508172581,7.86232531244102e-06,-0.00856635003539719,0.000213528026493659,-0.0074570062779652,0.000209598315293213,0.00155130078186091,0.0002213903518061,0.00266064453929291,0.000217460640605654,-0.00276944835543225,1.37889746548714e-05,500000,2,TRUE,TRUE
8,4,"sparse","higher","immediate-benefit",4,8,-0.0101176508172581,7.86232531244102e-06,-0.00920134151780283,0.000232080646401123,-0.0074570062779652,0.000209598315293436,0.00091630929945527,0.000239942971713564,0.00266064453929291,0.000217460640605877,-0.00276944835543225,1.37889746548714e-05,500000,2,TRUE,TRUE
9,1,"frequent","lower","biphasic",4,1,-0.0282718489956918,5.69273797701442e-06,-0.0259027588450859,0.00287280341496326,-0.0259027588450862,0.00287280341496315,0.00236909015060585,0.00286711067698625,0.00236909015060552,0.00286711067698614,-0.000522370297642336,1.71087171972478e-05,500000,2,TRUE,TRUE
9,1,"frequent","lower","biphasic",4,2,-0.0282718489956918,5.69273797701442e-06,-0.0281575353905886,0.000540149316454852,-0.0279953584935907,0.000779995110262499,0.000114313605103139,0.000534456578477838,0.000276490502101073,0.000774302372285485,-0.000522370297642336,1.71087171972478e-05,500000,2,TRUE,TRUE
9,1,"frequent","lower","biphasic",4,4,-0.0282718489956918,5.69273797701442e-06,-0.02897000413886,1.66367597188022e-05,-0.0279721133181213,0.000317433952770396,-0.000698155143168261,1.09440217417878e-05,0.00029973567757044,0.000311741214793382,-0.000522370297642336,1.71087171972478e-05,500000,2,TRUE,TRUE
9,1,"frequent","lower","biphasic",4,8,-0.0282718489956918,5.69273797701442e-06,-0.0302897423688354,2.504292651756e-05,-0.0279721133181212,0.000317433952770396,-0.00201789337314359,1.93501885405456e-05,0.000299735677570551,0.000311741214793382,-0.000522370297642336,1.71087171972478e-05,500000,2,TRUE,TRUE
10,2,"sparse","lower","biphasic",4,1,-0.0299552293513211,4.63919471170165e-05,-0.0281756746152649,0.00179847070229405,-0.028175674615268,0.00179847070229433,0.00177955473605625,0.00175207875517704,0.00177955473605308,0.00175207875517731,-0.00037888685859401,2.87614683370102e-05,500000,2,TRUE,TRUE
10,2,"sparse","lower","biphasic",4,2,-0.0299552293513211,4.63919471170165e-05,-0.0302418163861636,3.37575356856856e-05,-0.0294784267007154,0.000199356836567244,-0.000286587034842509,1.26344114313309e-05,0.000476802650605693,0.000152964889450227,-0.00037888685859401,2.87614683370102e-05,500000,2,TRUE,TRUE
10,2,"sparse","lower","biphasic",4,4,-0.0299552293513211,4.63919471170165e-05,-0.0325496928150472,0.000359720373999839,-0.0308514533102248,0.000364416493169484,-0.00259446346372609,0.000313328426882822,-0.000896223958903694,0.000318024546052467,-0.00037888685859401,2.87614683370102e-05,500000,2,TRUE,TRUE
10,2,"sparse","lower","biphasic",4,8,-0.0299552293513211,4.63919471170165e-05,-0.0339379479216496,0.000409523647321164,-0.0308514533102249,0.000364416493169706,-0.00398271857032849,0.000363131700204147,-0.000896223958903805,0.000318024546052689,-0.00037888685859401,2.87614683370102e-05,500000,2,TRUE,TRUE
11,3,"frequent","higher","biphasic",4,1,-0.0113762502741079,2.43514164439268e-05,-0.00844570859468541,0.000793170112034835,-0.00844570859468541,0.000793170112034946,0.00293054167942246,0.000768818695590909,0.00293054167942246,0.00076881869559102,-0.00324660220648945,2.09701742001078e-05,500000,2,TRUE,TRUE
11,3,"frequent","higher","biphasic",4,2,-0.0113762502741079,2.43514164439268e-05,-0.0100387363394515,0.000325190965635547,-0.00974917816685006,0.000436844919620705,0.00133751393465635,0.000349542382079474,0.00162707210725781,0.000461196336064632,-0.00324660220648945,2.09701742001078e-05,500000,2,TRUE,TRUE
11,3,"frequent","higher","biphasic",4,4,-0.0113762502741079,2.43514164439268e-05,-0.0104841949611841,0.000127928603227745,-0.0098857220261423,0.000181563573457832,0.000892055312923731,0.000152280019671672,0.00149052824796557,0.000205914989901759,-0.00324660220648945,2.09701742001078e-05,500000,2,TRUE,TRUE
11,3,"frequent","higher","biphasic",4,8,-0.0113762502741079,2.43514164439268e-05,-0.010840389030482,0.000130531570395331,-0.00988572202614224,0.000181563573457555,0.000535861243625854,0.000154882986839258,0.00149052824796563,0.000205914989901482,-0.00324660220648945,2.09701742001078e-05,500000,2,TRUE,TRUE
12,4,"sparse","higher","biphasic",4,1,-0.0123186990467229,4.17779460530621e-06,-0.0117200294731694,0.000217702002603015,-0.0117200294731692,0.000217702002603071,0.000598669573553492,0.000221879797208321,0.000598669573553659,0.000221879797208377,-0.00308205804135589,1.41358704503769e-05,500000,2,TRUE,TRUE
12,4,"sparse","higher","biphasic",4,2,-0.0123186990467229,4.17779460530621e-06,-0.0125806813476354,0.000861706392157158,-0.0125590488696015,0.00134886021354225,-0.000261982300912553,0.000857528597551851,-0.000240349822878669,0.00134468241893694,-0.00308205804135589,1.41358704503769e-05,500000,2,TRUE,TRUE
12,4,"sparse","higher","biphasic",4,4,-0.0123186990467229,4.17779460530621e-06,-0.0120368522465717,0.000205540533638027,-0.0110042499733555,0.000201489820923439,0.0002818468001511,0.000209718328243333,0.00131444907336732,0.000205667615528746,-0.00308205804135589,1.41358704503769e-05,500000,2,TRUE,TRUE
12,4,"sparse","higher","biphasic",4,8,-0.0123186990467229,4.17779460530621e-06,-0.0126239298926946,0.000223491690219568,-0.0110042499733555,0.000201489820923439,-0.000305230845971768,0.000227669484824874,0.00131444907336732,0.000205667615528746,-0.00308205804135589,1.41358704503769e-05,500000,2,TRUE,TRUE
13,1,"frequent","lower","delayed-smooth",4,1,-0.024093112934276,5.47549079658871e-06,-0.0217649675661091,0.00293656413065513,-0.0217649675661095,0.00293656413065518,0.00232814536816688,0.00293108863985854,0.00232814536816649,0.00293108863985859,-0.000496344830594936,1.31188268692739e-05,500000,2,TRUE,TRUE
13,1,"frequent","lower","delayed-smooth",4,2,-0.024093112934276,5.47549079658871e-06,-0.0235621973270178,0.000552203754086045,-0.0233769276963703,0.000801255271124124,0.000530915607258195,0.000546728263289456,0.000716185237905717,0.000795779780327535,-0.000496344830594936,1.31188268692739e-05,500000,2,TRUE,TRUE
13,1,"frequent","lower","delayed-smooth",4,4,-0.024093112934276,5.47549079658871e-06,-0.0238046445590593,1.7591730759714e-05,-0.0227546592445022,0.000335282345765853,0.000288468375216663,1.21162399631253e-05,0.00133845368977385,0.000329806854969264,-0.000496344830594936,1.31188268692739e-05,500000,2,TRUE,TRUE
13,1,"frequent","lower","delayed-smooth",4,8,-0.024093112934276,5.47549079658871e-06,-0.0251790093410873,2.58465696534316e-05,-0.0227546592445023,0.000335282345765575,-0.0010858964068113,2.03710788568429e-05,0.00133845368977369,0.000329806854968986,-0.000496344830594936,1.31188268692739e-05,500000,2,TRUE,TRUE
14,2,"sparse","lower","delayed-smooth",4,1,-0.0255793174114892,3.79410655158841e-05,-0.0237749850967073,0.00189654602182443,-0.0237749850967104,0.00189654602182526,0.00180433231478197,0.00185860495630855,0.00180433231477881,0.00185860495630938,-0.000378706994173597,2.42823052554048e-05,500000,2,TRUE,TRUE
14,2,"sparse","lower","delayed-smooth",4,2,-0.0255793174114892,3.79410655158841e-05,-0.0253806912704443,5.06019068258756e-05,-0.024582213156643,0.000218844490870007,0.000198626141044905,1.26608413099916e-05,0.000997104254846198,0.000180903425354123,-0.000378706994173597,2.42823052554048e-05,500000,2,TRUE,TRUE
14,2,"sparse","lower","delayed-smooth",4,4,-0.0255793174114892,3.79410655158841e-05,-0.0271640833706003,0.000379995800986577,-0.0253935830704822,0.000382454873067095,-0.00158476595911103,0.000342054735470693,0.000185734341007021,0.000344513807551211,-0.000378706994173597,2.42823052554048e-05,500000,2,TRUE,TRUE
14,2,"sparse","lower","delayed-smooth",4,8,-0.0255793174114892,3.79410655158841e-05,-0.0286087834850247,0.000431132477415441,-0.0253935830704819,0.000382454873066873,-0.00302946607353546,0.000393191411899557,0.000185734341007354,0.000344513807550989,-0.000378706994173597,2.42823052554048e-05,500000,2,TRUE,TRUE
15,3,"frequent","higher","delayed-smooth",4,1,-0.00961821453816789,2.13987756558787e-05,-0.00669665473955428,0.00080114352576488,-0.00669665473955422,0.000801143525765158,0.00292155979861361,0.000779744750109001,0.00292155979861367,0.000779744750109279,-0.00277211605275041,1.69769437157186e-05,500000,2,TRUE,TRUE
15,3,"frequent","higher","delayed-smooth",4,2,-0.00961821453816789,2.13987756558787e-05,-0.00785496365616278,0.00034486467556516,-0.00754288802330549,0.000450623128860128,0.0017632508820051,0.000366263451221038,0.00207532651486239,0.000472021904516007,-0.00277211605275041,1.69769437157186e-05,500000,2,TRUE,TRUE
15,3,"frequent","higher","delayed-smooth",4,4,-0.00961821453816789,2.13987756558787e-05,-0.00819671815214851,0.000140210760433912,-0.00756021575677662,0.000196621003623332,0.00142149638601938,0.000161609536089791,0.00205799878139126,0.00021801977927921,-0.00277211605275041,1.69769437157186e-05,500000,2,TRUE,TRUE
15,3,"frequent","higher","delayed-smooth",4,8,-0.00961821453816789,2.13987756558787e-05,-0.00857275481048886,0.000142361715971873,-0.00756021575677662,0.000196621003623332,0.00104545972767903,0.000163760491627751,0.00205799878139126,0.00021801977927921,-0.00277211605275041,1.69769437157186e-05,500000,2,TRUE,TRUE
16,4,"sparse","higher","delayed-smooth",4,1,-0.0104415926456208,4.70587735038053e-06,-0.00986866894129884,0.000214783313091715,-0.00986866894129901,0.000214783313091771,0.000572923704321965,0.000219489190442096,0.000572923704321798,0.000219489190442151,-0.00264218466521414,1.3499065223313e-05,500000,2,TRUE,TRUE
16,4,"sparse","higher","delayed-smooth",4,2,-0.0104415926456208,4.70587735038053e-06,-0.0102839650940635,0.000869121701727371,-0.0102422234665057,0.00135812161338111,0.000157627551557321,0.000864415824376991,0.000199369179115089,0.00135341573603073,-0.00264218466521414,1.3499065223313e-05,500000,2,TRUE,TRUE
16,4,"sparse","higher","delayed-smooth",4,4,-0.0104415926456208,4.70587735038053e-06,-0.00956008823051052,0.000217920199039046,-0.00848324987104038,0.000212767295394822,0.000881504415110285,0.000222626076389426,0.00195834277458043,0.000217473172745203,-0.00264218466521414,1.3499065223313e-05,500000,2,TRUE,TRUE
16,4,"sparse","higher","delayed-smooth",4,8,-0.0104415926456208,4.70587735038053e-06,-0.0101740470757666,0.000236682676017508,-0.00848324987104071,0.0002127672953946,0.000267545569854172,0.000241388553367888,0.0019583427745801,0.000217473172744981,-0.00264218466521414,1.3499065223313e-05,500000,2,TRUE,TRUE
17,1,"frequent","lower","negligible-smooth",4,1,-0.00269788185111097,9.40007840344315e-07,-0.000472540638202901,0.00310334936162204,-0.000472540638202956,0.0031033493616221,0.00222534121290807,0.0031024093537817,0.00222534121290802,0.00310240935378175,-6.40294042929257e-05,1.11935417432263e-06,500000,2,TRUE,TRUE
17,1,"frequent","lower","negligible-smooth",4,2,-0.00269788185111097,9.40007840344315e-07,-0.00269606246581366,0.000653301373319426,-0.0024574793069988,0.000953904046225751,1.81938529730807e-06,0.000652361365479082,0.000240402544112173,0.000952964038385407,-6.40294042929257e-05,1.11935417432263e-06,500000,2,TRUE,TRUE
17,1,"frequent","lower","negligible-smooth",4,4,-0.00269788185111097,9.40007840344315e-07,-0.00342632154890726,0.000166223578739355,-0.00228285741124312,0.000563945557942147,-0.00072843969779629,0.000165283570899011,0.00041502443986785,0.000563005550101803,-6.40294042929257e-05,1.11935417432263e-06,500000,2,TRUE,TRUE
17,1,"frequent","lower","negligible-smooth",4,8,-0.00269788185111097,9.40007840344315e-07,-0.00491236462012762,0.000159059904433601,-0.00228285741124329,0.000563945557942314,-0.00221448276901665,0.000158119896593256,0.000415024439867684,0.000563005550101969,-6.40294042929257e-05,1.11935417432263e-06,500000,2,TRUE,TRUE
18,2,"sparse","lower","negligible-smooth",4,1,-0.00286762958257175,4.14412812455023e-06,-0.00104902374011429,0.00265040404066286,-0.00104902374011701,0.00265040404066302,0.00181860584245747,0.00264625991253831,0.00181860584245475,0.00264625991253847,-5.34087975775088e-05,2.22106329980654e-06,500000,2,TRUE,TRUE
18,2,"sparse","lower","negligible-smooth",4,2,-0.00286762958257175,4.14412812455023e-06,-0.00297630083606065,0.000359147358155398,-0.00209925904418351,0.000524426599871508,-0.000108671253488901,0.000355003230030848,0.000768370538388241,0.000520282471746958,-5.34087975775088e-05,2.22106329980654e-06,500000,2,TRUE,TRUE
18,2,"sparse","lower","negligible-smooth",4,4,-0.00286762958257175,4.14412812455023e-06,-0.00540423261374134,0.000643031078320755,-0.00349446137787407,0.000645679576164182,-0.00253660303116959,0.000638886950196205,-0.000626831795302318,0.000641535448039632,-5.34087975775088e-05,2.22106329980654e-06,500000,2,TRUE,TRUE
18,2,"sparse","lower","negligible-smooth",4,8,-0.00286762958257175,4.14412812455023e-06,-0.00694310649786212,0.000688021667831884,-0.00349446137787435,0.000645679576164126,-0.00407547691529037,0.000683877539707334,-0.000626831795302596,0.000641535448039576,-5.34087975775088e-05,2.22106329980654e-06,500000,2,TRUE,TRUE
19,3,"frequent","higher","negligible-smooth",4,1,-0.00105331101291134,2.40699393588839e-06,0.00188987176354832,0.000742346006420591,0.00188987176354799,0.00074234600642048,0.00294318277645966,0.000739939012484703,0.00294318277645933,0.000739939012484592,-0.00029674813983302,1.93502315928851e-06,500000,2,TRUE,TRUE
19,3,"frequent","higher","negligible-smooth",4,2,-0.00105331101291134,2.40699393588839e-06,0.000187911317857448,0.000514964510081595,0.000523928968789167,0.000587485782734265,0.00124122233076879,0.000517371504017483,0.00157723998170051,0.000589892776670153,-0.00029674813983302,1.93502315928851e-06,500000,2,TRUE,TRUE
19,3,"frequent","higher","negligible-smooth",4,4,-0.00105331101291134,2.40699393588839e-06,-0.00103104429735046,0.000215920489314403,-0.000315255837995965,0.000275479328610495,2.22667155608813e-05,0.000218327483250291,0.000738055174915375,0.000277886322546383,-0.00029674813983302,1.93502315928851e-06,500000,2,TRUE,TRUE
19,3,"frequent","higher","negligible-smooth",4,8,-0.00105331101291134,2.40699393588839e-06,-0.00146426763559937,0.000215276125697938,-0.000315255837995798,0.00027547932861044,-0.00041095662268803,0.000217683119633827,0.000738055174915542,0.000277886322546328,-0.00029674813983302,1.93502315928851e-06,500000,2,TRUE,TRUE
20,4,"sparse","higher","negligible-smooth",4,1,-0.00114588933402318,9.03359278242588e-07,-0.000689892234206013,0.000116361048694058,-0.000689892234206291,0.000116361048694003,0.000455997099817168,0.000117264407972301,0.00045599709981689,0.000117264407972245,-0.00028503982541711,1.63279151343954e-06,500000,2,TRUE,TRUE
20,4,"sparse","higher","negligible-smooth",4,2,-0.00114588933402318,9.03359278242588e-07,-0.00149726393026284,0.000839042271732371,-0.00143820823889584,0.00132307860935743,-0.000351374596239656,0.000838138912454128,-0.000292318904872663,0.00132217525007919,-0.00028503982541711,1.63279151343954e-06,500000,2,TRUE,TRUE
20,4,"sparse","higher","negligible-smooth",4,4,-0.00114588933402318,9.03359278242588e-07,-0.00144234020226969,0.000255989931530476,-0.000297197845462782,0.000238705258031491,-0.000296450868246506,0.000256893290808718,0.000848691488560399,0.000239608617309733,-0.00028503982541711,1.63279151343954e-06,500000,2,TRUE,TRUE
20,4,"sparse","higher","negligible-smooth",4,8,-0.00114588933402318,9.03359278242588e-07,-0.00211381269926414,0.000277044338764742,-0.000297197845462727,0.000238705258031213,-0.000967923365240958,0.000277947698042985,0.000848691488560455,0.000239608617309456,-0.00028503982541711,1.63279151343954e-06,500000,2,TRUE,TRUE
21,1,"frequent","lower","off-grid",4,1,-0.0178783534066468,5.44505812333229e-06,-0.0155513160636397,0.00300737375445165,-0.0155513160636402,0.0030073737544517,0.0023270373430071,0.00300192869632831,0.0023270373430066,0.00300192869632837,-0.000333768198507611,9.32246143064974e-06,500000,2,TRUE,TRUE
21,1,"frequent","lower","off-grid",4,2,-0.0178783534066468,5.44505812333229e-06,-0.0174868991104437,0.000591322760514046,-0.0172976970538263,0.00085773291751573,0.000391454296203131,0.000585877702390713,0.000580656352820563,0.000852287859392398,-0.000333768198507611,9.32246143064974e-06,500000,2,TRUE,TRUE
21,1,"frequent","lower","off-grid",4,4,-0.0178783534066468,5.44505812333229e-06,-0.0180178006946149,7.01785574722669e-05,-0.0169618902280412,0.000413843151236604,-0.000139447287968053,6.47334993489346e-05,0.000916463178605664,0.000408398093113271,-0.000333768198507611,9.32246143064974e-06,500000,2,TRUE,TRUE
21,1,"frequent","lower","off-grid",4,8,-0.0178783534066468,5.44505812333229e-06,-0.019417037600791,7.32180446709196e-05,-0.0169618902280411,0.000413843151236881,-0.00153868419414416,6.77729865475873e-05,0.00091646317860572,0.000408398093113549,-0.000333768198507611,9.32246143064974e-06,500000,2,TRUE,TRUE
22,2,"sparse","lower","off-grid",4,1,-0.0189354100696002,2.92477438085526e-05,-0.0171112778083186,0.00214144270069178,-0.0171112778083216,0.00214144270069111,0.00182413226128161,0.00211219495688322,0.00182413226127862,0.00211219495688256,-0.000250711018030259,1.70590556418104e-05,500000,2,TRUE,TRUE
22,2,"sparse","lower","off-grid",4,2,-0.0189354100696002,2.92477438085526e-05,-0.0188190974640952,0.000151079529411235,-0.0179989827369068,0.000320765384059229,0.000116312605505015,0.000121831785602683,0.000936427332693418,0.000291517640250677,-0.000250711018030259,1.70590556418104e-05,500000,2,TRUE,TRUE
22,2,"sparse","lower","off-grid",4,4,-0.0189354100696002,2.92477438085526e-05,-0.0209593722117721,0.000467404311709718,-0.0191531197189491,0.000470911001236252,-0.00202396214217185,0.000438156567901166,-0.000217709649348891,0.000441663257427699,-0.000250711018030259,1.70590556418104e-05,500000,2,TRUE,TRUE
22,2,"sparse","lower","off-grid",4,8,-0.0189354100696002,2.92477438085526e-05,-0.0224274247129755,0.000516599789749106,-0.0191531197189493,0.000470911001236418,-0.00349201464337526,0.000487352045940553,-0.000217709649349057,0.000441663257427866,-0.000250711018030259,1.70590556418104e-05,500000,2,TRUE,TRUE
23,3,"frequent","higher","off-grid",4,1,-0.00716077358508321,1.66977061044626e-05,-0.00419602202327463,0.000791130162064668,-0.00419602202327468,0.000791130162064724,0.00296475156180859,0.000774432455960205,0.00296475156180853,0.000774432455960261,-0.00199547677838283,1.21239043464894e-05,500000,2,TRUE,TRUE
23,3,"frequent","higher","off-grid",4,2,-0.00716077358508321,1.66977061044626e-05,-0.0055321690546789,0.000398857113990903,-0.00522216741445219,0.000496672640162898,0.00162860453040431,0.000415554820095365,0.00193860617063102,0.000513370346267361,-0.00199547677838283,1.21239043464894e-05,500000,2,TRUE,TRUE
23,3,"frequent","higher","off-grid",4,4,-0.00716077358508321,1.66977061044626e-05,-0.00624639132905291,0.000161701063459585,-0.00560159875381444,0.000218680009981209,0.000914382256030299,0.000178398769564048,0.00155917483126877,0.000235377716085672,-0.00199547677838283,1.21239043464894e-05,500000,2,TRUE,TRUE
23,3,"frequent","higher","off-grid",4,8,-0.00716077358508321,1.66977061044626e-05,-0.00663538696083754,0.000163069319588538,-0.0056015987538145,0.000218680009981487,0.000525386624245672,0.000179767025693001,0.00155917483126872,0.000235377716085949,-0.00199547677838283,1.21239043464894e-05,500000,2,TRUE,TRUE
24,4,"sparse","higher","off-grid",4,1,-0.00775248946768636,3.24350857827671e-06,-0.00720076486689086,0.000189573439583757,-0.00720076486689064,0.000189573439583424,0.0005517246007955,0.000192816948162033,0.000551724600795722,0.0001928169481617,-0.00190114423170859,9.47078462162909e-06,500000,2,TRUE,TRUE
24,4,"sparse","higher","off-grid",4,2,-0.00775248946768636,3.24350857827671e-06,-0.00774227512622339,0.000863435968449955,-0.0077001277171958,0.00135332911134595,1.02143414629774e-05,0.000860192459871678,5.23617504905594e-05,0.00135008560276767,-0.00190114423170859,9.47078462162909e-06,500000,2,TRUE,TRUE
24,4,"sparse","higher","off-grid",4,4,-0.00775248946768636,3.24350857827671e-06,-0.00733806190125719,0.000230650983256586,-0.00624465632529658,0.000221497843386764,0.000414427566429176,0.000233894491834863,0.00150783314238978,0.000224741351965041,-0.00190114423170859,9.47078462162909e-06,500000,2,TRUE,TRUE
24,4,"sparse","higher","off-grid",4,8,-0.00775248946768636,3.24350857827671e-06,-0.00796699387014316,0.000250272382306738,-0.00624465632529658,0.000221497843386764,-0.000214504402456794,0.000253515890885014,0.00150783314238978,0.000224741351965041,-0.00190114423170859,9.47078462162909e-06,500000,2,TRUE,TRUE
25,1,"frequent","lower","exact-null",12,1,0,0,0.000780551666033025,0.00131266147287917,0.000780551666032525,0.0013126614728789,0.000780551666033025,0.00131266147287917,0.000780551666032525,0.0013126614728789,0,0,500000,2,TRUE,TRUE
25,1,"frequent","lower","exact-null",12,2,0,0,0.00237216254263822,0.000745150316143695,0.0019590012161439,0.000761102135828917,0.00237216254263822,0.000745150316143695,0.0019590012161439,0.000761102135828917,0,0,500000,2,TRUE,TRUE
25,1,"frequent","lower","exact-null",12,4,0,0,0.00266434040986763,0.000179244912496768,0.00245322909194856,0.000152261792001451,0.00266434040986763,0.000179244912496768,0.00245322909194856,0.000152261792001451,0,0,500000,2,TRUE,TRUE
25,1,"frequent","lower","exact-null",12,8,0,0,0.00210803299773837,0.000215272619444817,0.00239811750897012,0.000142657544171532,0.00210803299773837,0.000215272619444817,0.00239811750897012,0.000142657544171532,0,0,500000,2,TRUE,TRUE
26,2,"sparse","lower","exact-null",12,1,0,0,0.00312371494540736,0.00147143930668231,0.00312371494540553,0.0014714393066827,0.00312371494540736,0.00147143930668231,0.00312371494540553,0.0014714393066827,0,0,500000,2,TRUE,TRUE
26,2,"sparse","lower","exact-null",12,2,0,0,0.00136869633072306,0.000926669831802063,0.00113225491081526,0.00089767724361478,0.00136869633072306,0.000926669831802063,0.00113225491081526,0.00089767724361478,0,0,500000,2,TRUE,TRUE
26,2,"sparse","lower","exact-null",12,4,0,0,0.00140533461506237,0.00102993601429041,0.00103784698129383,0.000947382091229798,0.00140533461506237,0.00102993601429041,0.00103784698129383,0.000947382091229798,0,0,500000,2,TRUE,TRUE
26,2,"sparse","lower","exact-null",12,8,0,0,0.000447522686920832,0.00100498748398858,0.0010318537483372,0.000944507277032713,0.000447522686920832,0.00100498748398858,0.0010318537483372,0.000944507277032713,0,0,500000,2,TRUE,TRUE
27,3,"frequent","higher","exact-null",12,1,0,0,0.00382161434605799,0.00580677996156753,0.00382161434605793,0.00580677996156748,0.00382161434605799,0.00580677996156753,0.00382161434605793,0.00580677996156748,0,0,500000,2,TRUE,TRUE
27,3,"frequent","higher","exact-null",12,2,0,0,0.00290590247003819,0.00420733922021654,0.00400128369575709,0.00410096663628595,0.00290590247003819,0.00420733922021654,0.00400128369575709,0.00410096663628595,0,0,500000,2,TRUE,TRUE
27,3,"frequent","higher","exact-null",12,4,0,0,0.000733208805905994,0.00187577098606551,0.00254988879276286,0.00217828645233431,0.000733208805905994,0.00187577098606551,0.00254988879276286,0.00217828645233431,0,0,500000,2,TRUE,TRUE
27,3,"frequent","higher","exact-null",12,8,0,0,-0.00184084259180411,0.00144511654474838,0.00244290042192036,0.00211947444174748,-0.00184084259180411,0.00144511654474838,0.00244290042192036,0.00211947444174748,0,0,500000,2,TRUE,TRUE
28,4,"sparse","higher","exact-null",12,1,0,0,0.00267092470553532,0.00127030251035187,0.00267092470553487,0.00127030251035165,0.00267092470553532,0.00127030251035187,0.00267092470553487,0.00127030251035165,0,0,500000,2,TRUE,TRUE
28,4,"sparse","higher","exact-null",12,2,0,0,-0.00159254062526282,0.00472288754674244,-0.00208028680858441,0.00528696101812265,-0.00159254062526282,0.00472288754674244,-0.00208028680858441,0.00528696101812265,0,0,500000,2,TRUE,TRUE
28,4,"sparse","higher","exact-null",12,4,0,0,0.000647086152309684,0.000344369598997973,0.00147810047861802,0.00107561672223794,0.000647086152309684,0.000344369598997973,0.00147810047861802,0.00107561672223794,0,0,500000,2,TRUE,TRUE
28,4,"sparse","higher","exact-null",12,8,0,0,0.000283989233602788,0.00019142043053938,0.00143366977193937,0.0010851658187121,0.000283989233602788,0.00019142043053938,0.00143366977193937,0.0010851658187121,0,0,500000,2,TRUE,TRUE
29,1,"frequent","lower","immediate-benefit",12,1,-0.0244682108862145,6.9704999025727e-06,-0.0239220774769263,0.00146368326427859,-0.0239220774769269,0.00146368326427831,0.000546133409288177,0.00145671276437602,0.000546133409287566,0.00145671276437574,-0.00066749212425217,1.48888963469734e-05,500000,2,TRUE,TRUE
29,1,"frequent","lower","immediate-benefit",12,2,-0.0244682108862145,6.9704999025727e-06,-0.0217963588682611,0.000908133281050882,-0.0221416328377559,0.000874190176838929,0.00267185201795335,0.00090116278114831,0.00232657804845861,0.000867219676936357,-0.00066749212425217,1.48888963469734e-05,500000,2,TRUE,TRUE
29,1,"frequent","lower","immediate-benefit",12,4,-0.0244682108862145,6.9704999025727e-06,-0.0200834804554977,4.13772727521633e-05,-0.020223990970201,2.60950616336464e-05,0.00438473043071676,4.8347772654736e-05,0.00424421991601349,3.30655615362191e-05,-0.00066749212425217,1.48888963469734e-05,500000,2,TRUE,TRUE
29,1,"frequent","lower","immediate-benefit",12,8,-0.0244682108862145,6.9704999025727e-06,-0.0202344608378719,8.83599862488427e-05,-0.0198836485563146,1.88970405781141e-05,0.0042337500483426,9.53304861514154e-05,0.00458456232989986,2.58675404806868e-05,-0.00066749212425217,1.48888963469734e-05,500000,2,TRUE,TRUE
30,2,"sparse","lower","immediate-benefit",12,1,-0.0260211043466771,9.74146889853866e-06,-0.023538165845757,0.00114748141842741,-0.0235381658457592,0.00114748141842796,0.00248293850092007,0.00115722288732595,0.00248293850091785,0.0011572228873265,-0.00055397718610159,2.13721726717853e-05,500000,2,TRUE,TRUE
30,2,"sparse","lower","immediate-benefit",12,2,-0.0260211043466771,9.74146889853866e-06,-0.0242485562806389,0.000875880744742985,-0.0244312004404453,0.000811096317394122,0.00177254806603816,0.000866139275844446,0.00158990390623182,0.000801354848495583,-0.00055397718610159,2.13721726717853e-05,500000,2,TRUE,TRUE
30,2,"sparse","lower","immediate-benefit",12,4,-0.0260211043466771,9.74146889853866e-06,-0.0225453169605831,0.00083896881001061,-0.0228891845586978,0.0007633912680583,0.003475787386094,0.000829227341112071,0.00313191978797933,0.000753649799159761,-0.00055397718610159,2.13721726717853e-05,500000,2,TRUE,TRUE
30,2,"sparse","lower","immediate-benefit",12,8,-0.0260211043466771,9.74146889853866e-06,-0.0231026333463904,0.00082173022949239,-0.0225251352308638,0.00076438342974744,0.00291847100028669,0.000811988760593851,0.00349596911581329,0.000754641960848901,-0.00055397718610159,2.13721726717853e-05,500000,2,TRUE,TRUE
31,3,"frequent","higher","immediate-benefit",12,1,-0.0121176831879432,2.34669765698803e-06,-0.00892286743666715,0.00523350967390546,-0.00892286743666704,0.00523350967390557,0.00319481575127607,0.00523116297624847,0.00319481575127618,0.00523116297624858,-0.00289282930349921,2.01801790651046e-05,500000,2,TRUE,TRUE
31,3,"frequent","higher","immediate-benefit",12,2,-0.0121176831879432,2.34669765698803e-06,-0.00848636251066864,0.00384581725912109,-0.00735784372041498,0.00375636627416726,0.00363132067727458,0.0038434705614641,0.00475983946752824,0.00375401957651027,-0.00289282930349921,2.01801790651046e-05,500000,2,TRUE,TRUE
31,3,"frequent","higher","immediate-benefit",12,4,-0.0121176831879432,2.34669765698803e-06,-0.00877828672831099,0.00165871518875521,-0.00688346142773194,0.00197030046497321,0.00333939645963223,0.00165636849109822,0.00523422176021128,0.00196795376731622,-0.00289282930349921,2.01801790651046e-05,500000,2,TRUE,TRUE
31,3,"frequent","higher","immediate-benefit",12,8,-0.0121176831879432,2.34669765698803e-06,-0.0104513680191859,0.00125726258194919,-0.00614371046985013,0.00191253135940356,0.00166631516875727,0.0012549158842922,0.00597397271809309,0.00191018466174657,-0.00289282930349921,2.01801790651046e-05,500000,2,TRUE,TRUE
32,4,"sparse","higher","immediate-benefit",12,1,-0.0128870991726903,5.92664934243037e-06,-0.0103476064351788,0.0012296124425768,-0.0103476064351792,0.00122961244257663,0.0025394927375115,0.00123553909191923,0.00253949273751111,0.00123553909191906,-0.00276944835543225,1.37889746548714e-05,500000,2,TRUE,TRUE
32,4,"sparse","higher","immediate-benefit",12,2,-0.0128870991726903,5.92664934243037e-06,-0.0132841308509503,0.00457043830912279,-0.0136374197553951,0.00513747128258635,-0.000397031678259968,0.00457636495846522,-0.000750320582704772,0.00514339793192878,-0.00276944835543225,1.37889746548714e-05,500000,2,TRUE,TRUE
32,4,"sparse","higher","immediate-benefit",12,4,-0.0128870991726903,5.92664934243037e-06,-0.00934746752518156,0.000397332554413987,-0.00843322904718569,0.00107063507256755,0.00353963164750878,0.000403259203756418,0.00445387012550466,0.00107656172190998,-0.00276944835543225,1.37889746548714e-05,500000,2,TRUE,TRUE
32,4,"sparse","higher","immediate-benefit",12,8,-0.0128870991726903,5.92664934243037e-06,-0.00892045807089731,0.000266982929235826,-0.00766288073740617,0.00108367616523342,0.00396664110179304,0.000272909578578256,0.00522421843528417,0.00108960281457585,-0.00276944835543225,1.37889746548714e-05,500000,2,TRUE,TRUE
33,1,"frequent","lower","biphasic",12,1,-0.0287942192933341,1.14159792202334e-05,-0.0279970181341236,0.00145747545793801,-0.0279970181341239,0.00145747545793812,0.000797201159210462,0.00144605947871777,0.00079720115921024,0.00144605947871788,-0.000522370297642336,1.71087171972478e-05,500000,2,TRUE,TRUE
33,1,"frequent","lower","biphasic",12,2,-0.0287942192933341,1.14159792202334e-05,-0.0269756698990605,0.000904148897707457,-0.0273958483135771,0.000859677487263233,0.00181854939427363,0.000892732918487224,0.00139837097975699,0.000848261508042999,-0.000522370297642336,1.71087171972478e-05,500000,2,TRUE,TRUE
33,1,"frequent","lower","biphasic",12,4,-0.0287942192933341,1.14159792202334e-05,-0.0266399559983709,2.25457997352074e-05,-0.0269235833103757,1.67443314266214e-05,0.00215426329496317,3.39617789554408e-05,0.0018706359829584,2.81603106468548e-05,-0.000522370297642336,1.71087171972478e-05,500000,2,TRUE,TRUE
33,1,"frequent","lower","biphasic",12,8,-0.0287942192933341,1.14159792202334e-05,-0.0272098617544419,6.20291352507185e-05,-0.0270115635631571,6.21174141879344e-06,0.0015843575388922,7.34451144709519e-05,0.00178265573017695,1.76277206390268e-05,-0.000522370297642336,1.71087171972478e-05,500000,2,TRUE,TRUE
34,2,"sparse","lower","biphasic",12,1,-0.0303341162099151,1.76304787800063e-05,-0.0276811995289508,0.00111771630174895,-0.027681199528952,0.00111771630174928,0.00265291668096437,0.00113534678052896,0.00265291668096315,0.00113534678052929,-0.00037888685859401,2.87614683370102e-05,500000,2,TRUE,TRUE
34,2,"sparse","lower","biphasic",12,2,-0.0303341162099151,1.76304787800063e-05,-0.0294095855410236,0.000841370676367081,-0.0296493960446044,0.000780976170827174,0.000924530668891504,0.000823740197587075,0.000684720165310765,0.000763345692047168,-0.00037888685859401,2.87614683370102e-05,500000,2,TRUE,TRUE
34,2,"sparse","lower","biphasic",12,4,-0.0303341162099151,1.76304787800063e-05,-0.0291518133265066,0.000799441463623762,-0.0295723642837348,0.0007313315421279,0.00118230288340851,0.000781810984843756,0.00076175192618036,0.000713701063347893,-0.00037888685859401,2.87614683370102e-05,500000,2,TRUE,TRUE
34,2,"sparse","lower","biphasic",12,8,-0.0303341162099151,1.76304787800063e-05,-0.0300893568794819,0.000779294213657467,-0.0296030599786243,0.000726959049007991,0.000244759330433192,0.00076166373487746,0.0007310562312908,0.000709328570227985,-0.00037888685859401,2.87614683370102e-05,500000,2,TRUE,TRUE
35,3,"frequent","higher","biphasic",12,1,-0.0146228524805973,3.38124224381897e-06,-0.0112134550200551,0.00513770049906098,-0.0112134550200549,0.00513770049906087,0.00340939746054227,0.00513431925681716,0.00340939746054238,0.00513431925681705,-0.00324660220648945,2.09701742001078e-05,500000,2,TRUE,TRUE
35,3,"frequent","higher","biphasic",12,2,-0.0146228524805973,3.38124224381897e-06,-0.0124016304771337,0.00374604017509222,-0.0114030692684946,0.00365115235161256,0.00222122200346365,0.0037426589328484,0.00321978321210271,0.00364777110936874,-0.00324660220648945,2.09701742001078e-05,500000,2,TRUE,TRUE
35,3,"frequent","higher","biphasic",12,4,-0.0146228524805973,3.38124224381897e-06,-0.014233622927264,0.00189404793639625,-0.012347971311265,0.001948334154104,0.000389229553333273,0.00189066669415243,0.00227488116933235,0.00194495291186018,-0.00324660220648945,2.09701742001078e-05,500000,2,TRUE,TRUE
35,3,"frequent","higher","biphasic",12,8,-0.0146228524805973,3.38124224381897e-06,-0.0162361715533499,0.00123007887440368,-0.0122134272829257,0.00187166346919876,-0.00161331907275263,0.00122669763215986,0.00240942519767158,0.00186828222695494,-0.00324660220648945,2.09701742001078e-05,500000,2,TRUE,TRUE
36,4,"sparse","higher","biphasic",12,1,-0.0154007570880787,9.95807584507069e-06,-0.0126826444497942,0.00115372047751799,-0.0126826444497946,0.00115372047751783,0.00271811263828452,0.00116367855336306,0.00271811263828413,0.0011636785533629,-0.00308205804135589,1.41358704503769e-05,500000,2,TRUE,TRUE
36,4,"sparse","higher","biphasic",12,2,-0.0154007570880787,9.95807584507069e-06,-0.0171334107433682,0.00449662828966219,-0.0175727795032867,0.0050731169502572,-0.00173265365528948,0.00450658636550726,-0.00217202241520793,0.00508307502610227,-0.00308205804135589,1.41358704503769e-05,500000,2,TRUE,TRUE
36,4,"sparse","higher","biphasic",12,4,-0.0154007570880787,9.95807584507069e-06,-0.0146444910252897,0.000400542987736008,-0.0138772861048801,0.00104684168264424,0.000756266062789043,0.000410501063581079,0.00152347098319859,0.00105679975848931,-0.00308205804135589,1.41358704503769e-05,500000,2,TRUE,TRUE
36,4,"sparse","higher","biphasic",12,8,-0.0154007570880787,9.95807584507069e-06,-0.0148125196605268,0.000279461124152947,-0.0136877874272777,0.00106143794494479,0.000588237427551916,0.000289419199998017,0.00171296966080108,0.00107139602078986,-0.00308205804135589,1.41358704503769e-05,500000,2,TRUE,TRUE
37,1,"frequent","lower","delayed-smooth",12,1,-0.0245894577648709,7.64333607268519e-06,-0.0238870985374597,0.00147337548838172,-0.02388709853746,0.00147337548838156,0.000702359227411256,0.00146573215230904,0.000702359227410979,0.00146573215230887,-0.000496344830594936,1.31188268692739e-05,500000,2,TRUE,TRUE
37,1,"frequent","lower","delayed-smooth",12,2,-0.0245894577648709,7.64333607268519e-06,-0.0221594262519464,0.000911232609664858,-0.0225629135790119,0.000873758734369068,0.00243003151292449,0.000903589273592173,0.00202654418585903,0.000866115398296383,-0.000496344830594936,1.31188268692739e-05,500000,2,TRUE,TRUE
37,1,"frequent","lower","delayed-smooth",12,4,-0.0245894577648709,7.64333607268519e-06,-0.0211040489178584,3.95200774367943e-05,-0.0213589216424424,3.0260141464955e-05,0.0034854088470125,4.71634135094795e-05,0.00323053612242853,3.79034775376402e-05,-0.000496344830594936,1.31188268692739e-05,500000,2,TRUE,TRUE
37,1,"frequent","lower","delayed-smooth",12,8,-0.0245894577648709,7.64333607268519e-06,-0.0216117757081299,8.22883425352083e-05,-0.0213787051771388,2.02174920722609e-05,0.00297768205674105,8.99316786078935e-05,0.00321075258773214,2.78608281449461e-05,-0.000496344830594936,1.31188268692739e-05,500000,2,TRUE,TRUE
38,2,"sparse","lower","delayed-smooth",12,1,-0.0259580244056628,1.36587602604793e-05,-0.0233004413196065,0.00117307384393944,-0.0233004413196081,0.00117307384393961,0.00265758308605639,0.00118673260419992,0.00265758308605478,0.00118673260420009,-0.000378706994173597,2.42823052554048e-05,500000,2,TRUE,TRUE
38,2,"sparse","lower","delayed-smooth",12,2,-0.0259580244056628,1.36587602604793e-05,-0.0244454314274776,0.0008758007066208,-0.0246722894202661,0.000815615791767588,0.00151259297818522,0.00086214194636032,0.00128573498539673,0.000801957031507108,-0.000378706994173597,2.42823052554048e-05,500000,2,TRUE,TRUE
38,2,"sparse","lower","delayed-smooth",12,4,-0.0259580244056628,1.36587602604793e-05,-0.0234558500069057,0.000841223209089914,-0.023872014575683,0.000769817288861274,0.00250217439875715,0.000827564448829435,0.00208600982997985,0.000756158528600795,-0.000378706994173597,2.42823052554048e-05,500000,2,TRUE,TRUE
38,2,"sparse","lower","delayed-smooth",12,8,-0.0259580244056628,1.36587602604793e-05,-0.0243516428182411,0.000821121503424616,-0.0238421483679778,0.000767142550025357,0.00160638158742175,0.000807462743164136,0.00211587603768508,0.000753483789764878,-0.000378706994173597,2.42823052554048e-05,500000,2,TRUE,TRUE
39,3,"frequent","higher","delayed-smooth",12,1,-0.0123903305909183,4.4218319401601e-06,-0.00899217644409778,0.0052571059886668,-0.00899217644409778,0.0052571059886668,0.00339815414682051,0.00525268415672664,0.00339815414682051,0.00525268415672664,-0.00277211605275041,1.69769437157186e-05,500000,2,TRUE,TRUE
39,3,"frequent","higher","delayed-smooth",12,2,-0.0123903305909183,4.4218319401601e-06,-0.00917257828766715,0.00385458123814364,-0.00810475148392392,0.00376385131574469,0.00321775230325114,0.00385015940620348,0.00428557910699437,0.00375942948380453,-0.00277211605275041,1.69769437157186e-05,500000,2,TRUE,TRUE
39,3,"frequent","higher","delayed-smooth",12,4,-0.0123903305909183,4.4218319401601e-06,-0.010240279297382,0.00172727069446432,-0.00842438244423432,0.00198462640483549,0.00215005129353626,0.00172284886252416,0.00396594814668397,0.00198020457289533,-0.00277211605275041,1.69769437157186e-05,500000,2,TRUE,TRUE
39,3,"frequent","higher","delayed-smooth",12,8,-0.0123903305909183,4.4218319401601e-06,-0.0126036972244345,0.00126585906745141,-0.00842883709037417,0.00192179219913485,-0.000213366633516204,0.00126143723551125,0.00396149350054412,0.00191737036719469,-0.00277211605275041,1.69769437157186e-05,500000,2,TRUE,TRUE
40,4,"sparse","higher","delayed-smooth",12,1,-0.0130837773108349,8.79318787293248e-06,-0.0104090006730227,0.00119549066488195,-0.0104090006730229,0.00119549066488206,0.00267477663781225,0.00120428385275488,0.00267477663781203,0.00120428385275499,-0.00264218466521414,1.3499065223313e-05,500000,2,TRUE,TRUE
40,4,"sparse","higher","delayed-smooth",12,2,-0.0130837773108349,8.79318787293248e-06,-0.0139537031077692,0.0045760451850958,-0.0143612511722762,0.00514357363092877,-0.000869925796934276,0.00458483837296873,-0.00127747386144121,0.0051523668188017,-0.00264218466521414,1.3499065223313e-05,500000,2,TRUE,TRUE
40,4,"sparse","higher","delayed-smooth",12,4,-0.0130837773108349,8.79318787293248e-06,-0.0107443926741682,0.000398140155191629,-0.00991709889765968,0.00106564787963148,0.00233938463666673,0.000406933343064561,0.00316667841317526,0.00107444106750441,-0.00264218466521414,1.3499065223313e-05,500000,2,TRUE,TRUE
40,4,"sparse","higher","delayed-smooth",12,8,-0.0130837773108349,8.79318787293248e-06,-0.0110340847851796,0.000265869365823734,-0.00985907251112572,0.00107640013535248,0.0020496925256553,0.000274662553696667,0.00322470479970922,0.00108519332322542,-0.00264218466521414,1.3499065223313e-05,500000,2,TRUE,TRUE
41,1,"frequent","lower","negligible-smooth",12,1,-0.0027619112554039,1.79346333978314e-07,-0.00199911347936221,0.00134219641149513,-0.0019991134793626,0.00134219641149508,0.000762797776041685,0.00134201706516116,0.000762797776041296,0.0013420170651611,-6.40294042929257e-05,1.11935417432263e-06,500000,2,TRUE,TRUE
41,1,"frequent","lower","negligible-smooth",12,2,-0.0027619112554039,1.79346333978314e-07,-0.000385860812578576,0.000771107913698887,-0.000796405498219521,0.00078067358461803,0.00237605044282532,0.000770928567364909,0.00196550575718438,0.000780494238284052,-6.40294042929257e-05,1.11935417432263e-06,500000,2,TRUE,TRUE
41,1,"frequent","lower","negligible-smooth",12,4,-0.0027619112554039,1.79346333978314e-07,5.19816625549341e-06,0.000162056476130823,-0.000205138200521815,0.000136527109619866,0.00276710942165939,0.000162235822464801,0.00255677305488208,0.000136706455953844,-6.40294042929257e-05,1.11935417432263e-06,500000,2,TRUE,TRUE
41,1,"frequent","lower","negligible-smooth",12,8,-0.0027619112554039,1.79346333978314e-07,-0.000532358327586246,0.000199505924010634,-0.000240215786115938,0.000126997656207883,0.00222955292781765,0.000199685270344613,0.00252169546928796,0.000127177002541862,-6.40294042929257e-05,1.11935417432263e-06,500000,2,TRUE,TRUE
42,2,"sparse","lower","negligible-smooth",12,1,-0.00292103838014926,1.92306482474369e-06,0.000147938154912597,0.00143763682606418,0.000147938154910265,0.00143763682606474,0.00306897653506186,0.00143955989088892,0.00306897653505953,0.00143955989088948,-5.34087975775088e-05,2.22106329980654e-06,500000,2,TRUE,TRUE
42,2,"sparse","lower","negligible-smooth",12,2,-0.00292103838014926,1.92306482474369e-06,-0.00154007783867943,0.00092635526646373,-0.00177399020104785,0.000892999091667068,0.00138096054146983,0.000924432201638986,0.00114704817910141,0.000891076026842325,-5.34087975775088e-05,2.22106329980654e-06,500000,2,TRUE,TRUE
42,2,"sparse","lower","negligible-smooth",12,4,-0.00292103838014926,1.92306482474369e-06,-0.00137616436585553,0.0010114661971834,-0.00174842921657065,0.000929521835097924,0.00154487401429373,0.00100954313235865,0.00117260916357861,0.00092759877027318,-5.34087975775088e-05,2.22106329980654e-06,500000,2,TRUE,TRUE
42,2,"sparse","lower","negligible-smooth",12,8,-0.00292103838014926,1.92306482474369e-06,-0.00231616230355025,0.000987084920531678,-0.00173538236931392,0.000926821809670186,0.000604876076599009,0.000985161855706934,0.00118565601083534,0.000924898744845443,-5.34087975775088e-05,2.22106329980654e-06,500000,2,TRUE,TRUE
43,3,"frequent","higher","negligible-smooth",12,1,-0.00135005915274436,4.71970776599884e-07,0.00242382284681669,0.00575777105515013,0.0024238228468168,0.00575777105515024,0.00377388199956105,0.00575729908437353,0.00377388199956116,0.00575729908437364,-0.00029674813983302,1.93502315928851e-06,500000,2,TRUE,TRUE
43,3,"frequent","higher","negligible-smooth",12,2,-0.00135005915274436,4.71970776599884e-07,0.00159195994115208,0.00417760205414547,0.00269189808258019,0.00407474560636134,0.00294201909389644,0.00417713008336887,0.00404195723532455,0.00407427363558474,-0.00029674813983302,1.93502315928851e-06,500000,2,TRUE,TRUE
43,3,"frequent","higher","negligible-smooth",12,4,-0.00135005915274436,4.71970776599884e-07,-0.000456127045806609,0.00186021688998256,0.00137324651223159,0.00216321672301356,0.00089393210693775,0.00185974491920596,0.00272330566497594,0.00216274475223696,-0.00029674813983302,1.93502315928851e-06,500000,2,TRUE,TRUE
43,3,"frequent","higher","negligible-smooth",12,8,-0.00135005915274436,4.71970776599884e-07,-0.0029806788707607,0.00142844927523,0.00131612802576209,0.00210418069896245,-0.00163061971801634,0.0014279773044534,0.00266618717850645,0.00210370872818585,-0.00029674813983302,1.93502315928851e-06,500000,2,TRUE,TRUE
44,4,"sparse","higher","negligible-smooth",12,1,-0.00143092915944029,7.29432235196947e-07,0.00124495956576481,0.0012655256355954,0.00124495956576459,0.00126552563559484,0.00267588872520511,0.0012662550678306,0.00267588872520488,0.00126625506783004,-0.00028503982541711,1.63279151343954e-06,500000,2,TRUE,TRUE
44,4,"sparse","higher","negligible-smooth",12,2,-0.00143092915944029,7.29432235196947e-07,-0.00295160983534631,0.00472232152650981,-0.00342825518645545,0.00528906217434383,-0.00152068067590602,0.00472305095874501,-0.00199732602701516,0.00528979160657903,-0.00028503982541711,1.63279151343954e-06,500000,2,TRUE,TRUE
44,4,"sparse","higher","negligible-smooth",12,4,-0.00143092915944029,7.29432235196947e-07,-0.00058418322655629,0.000350385255882379,0.000255272092522407,0.0010774985492098,0.000846745932884002,0.000351114688117576,0.0016862012519627,0.001078227981445,-0.00028503982541711,1.63279151343954e-06,500000,2,TRUE,TRUE
44,4,"sparse","higher","negligible-smooth",12,8,-0.00143092915944029,7.29432235196947e-07,-0.000904838551614551,0.00019976756383816,0.000258986601929301,0.0010873047286189,0.000526090607825741,0.000200496996073357,0.00168991576136959,0.0010880341608541,-0.00028503982541711,1.63279151343954e-06,500000,2,TRUE,TRUE
45,1,"frequent","lower","off-grid",12,1,-0.0182121216051545,3.87740330731745e-06,-0.0174357748754119,0.00144713192052109,-0.0174357748754121,0.00144713192052126,0.000776346729742583,0.00144325451721378,0.000776346729742305,0.00144325451721394,-0.000333768198507611,9.32246143064974e-06,500000,2,TRUE,TRUE
45,1,"frequent","lower","off-grid",12,2,-0.0182121216051545,3.87740330731745e-06,-0.0157404533065571,0.000871632697206304,-0.0161681322294794,0.000847102679715272,0.00247166829859735,0.000867755293898986,0.00204398937567507,0.000843225276407955,-0.000333768198507611,9.32246143064974e-06,500000,2,TRUE,TRUE
45,1,"frequent","lower","off-grid",12,4,-0.0182121216051545,3.87740330731745e-06,-0.0150614102850671,7.57994390531147e-05,-0.015342849897072,6.30283988526381e-05,0.00315071132008732,7.96768423604321e-05,0.00286927170808243,6.69058021599555e-05,-0.000333768198507611,9.32246143064974e-06,500000,2,TRUE,TRUE
45,1,"frequent","lower","off-grid",12,8,-0.0182121216051545,3.87740330731745e-06,-0.0158362561042221,0.000113340578936527,-0.0156214396649734,4.96078232578023e-05,0.00237586550093233,0.000117217982243845,0.00259068194018103,5.34852265651198e-05,-0.000333768198507611,9.32246143064974e-06,500000,2,TRUE,TRUE
46,2,"sparse","lower","off-grid",12,1,-0.0191861210876305,1.21886881667421e-05,-0.0163505063262777,0.00126028607701795,-0.01635050632628,0.00126028607701845,0.00283561476135277,0.00127247476518469,0.0028356147613505,0.00127247476518519,-0.000250711018030259,1.70590556418104e-05,500000,2,TRUE,TRUE
46,2,"sparse","lower","off-grid",12,2,-0.0191861210876305,1.21886881667421e-05,-0.0176700628330484,0.000893017943033536,-0.017915560162594,0.000841416124907568,0.00151605825458209,0.000880829254866794,0.00127056092503644,0.000829227436740826,-0.000250711018030259,1.70590556418104e-05,500000,2,TRUE,TRUE
46,2,"sparse","lower","off-grid",12,4,-0.0191861210876305,1.21886881667421e-05,-0.0171157347863442,0.00089540363831081,-0.0175472334581838,0.000821407435981081,0.00207038630128634,0.000883214950144068,0.00163888762944667,0.000809218747814339,-0.000250711018030259,1.70590556418104e-05,500000,2,TRUE,TRUE
46,2,"sparse","lower","off-grid",12,8,-0.0191861210876305,1.21886881667421e-05,-0.0182642818523416,0.000872461219176002,-0.0177545166034768,0.000817137486180619,0.000921839235288907,0.00086027253100926,0.00143160448415366,0.000804948798013877,-0.000250711018030259,1.70590556418104e-05,500000,2,TRUE,TRUE
47,3,"frequent","higher","off-grid",12,1,-0.00915625036346604,4.57380175797328e-06,-0.00556776047367691,0.00542490831924891,-0.00556776047367663,0.00542490831924897,0.00358848988978913,0.00542033451749094,0.00358848988978941,0.00542033451749099,-0.00199547677838283,1.21239043464894e-05,500000,2,TRUE,TRUE
47,3,"frequent","higher","off-grid",12,2,-0.00915625036346604,4.57380175797328e-06,-0.00595280553022443,0.00396975463553145,-0.00488494028431369,0.00387682635905368,0.00320344483324161,0.00396518083377348,0.00427131007915235,0.0038722525572957,-0.00199547677838283,1.21239043464894e-05,500000,2,TRUE,TRUE
47,3,"frequent","higher","off-grid",12,4,-0.00915625036346604,4.57380175797328e-06,-0.00759152137549413,0.00178484799603051,-0.00580075863551155,0.00205912101993966,0.00156472898797191,0.00178027419427254,0.00335549172795449,0.00205454721818168,-0.00199547677838283,1.21239043464894e-05,500000,2,TRUE,TRUE
47,3,"frequent","higher","off-grid",12,8,-0.00915625036346604,4.57380175797328e-06,-0.0105771175146518,0.00132273876980527,-0.00638789868365686,0.00198957934208577,-0.00142086715118581,0.00131816496804729,0.00276835167980918,0.00198500554032779,-0.00199547677838283,1.21239043464894e-05,500000,2,TRUE,TRUE
48,4,"sparse","higher","off-grid",12,1,-0.00965363369939495,6.22727604335238e-06,-0.00691750961838355,0.00120757916955361,-0.00691750961838328,0.00120757916955322,0.0027361240810114,0.00121380644559696,0.00273612408101168,0.00121380644559657,-0.00190114423170859,9.47078462162909e-06,500000,2,TRUE,TRUE
48,4,"sparse","higher","off-grid",12,2,-0.00965363369939495,6.22727604335238e-06,-0.0106885235737018,0.00464009121748449,-0.0111304008070477,0.00520717247297436,-0.00103488987430686,0.00464631849352784,-0.00147676710765274,0.00521339974901772,-0.00190114423170859,9.47078462162909e-06,500000,2,TRUE,TRUE
48,4,"sparse","higher","off-grid",12,4,-0.00965363369939495,6.22727604335238e-06,-0.00797883854573239,0.000387135878484546,-0.00716832994054262,0.00107281374350276,0.00167479515366256,0.000393363154527898,0.00248530375885234,0.00107904101954612,-0.00190114423170859,9.47078462162909e-06,500000,2,TRUE,TRUE
48,4,"sparse","higher","off-grid",12,8,-0.00965363369939495,6.22727604335238e-06,-0.00881538624872191,0.000251351524635179,-0.0076622757320513,0.00108360826779713,0.000838247450673041,0.000257578800678532,0.00199135796734365,0.00108983554384048,-0.00190114423170859,9.47078462162909e-06,500000,2,TRUE,TRUE
